PK,Aamulumon,Herkules,PK,Acidos Unique Lex,PK,Dankeros Lav Oowee-Oohla
PK,Aamulumon,Ofelia,PK,Acidos Unique Lex,LK,Milone's Sweet Miranda
PK,Acidos,Foxy Lady,PK,Littlebig Champion Ferenico,PK,Acidos Bright Star
PK,Acidos,Miss Marilyn,PK,Golden Lily's Don Juan,PK,Acidos Foxy Lady
PK,Acidos,Nigella,PK,Golden Lily's Proud Teddyboy,LK,Acidos Everlastinglove
PK,Acidos,Pablo Picasso,PK,Acidos Creme Caramelle,PK,Golden Lily's Maid for Acidos
PK,Acidos,Sugar Baby Love,PK,Quimichin Licorice Lex,PK,Golden Lily's Maid for Acidos
PK,Acidos,Unique Lex,PK,Quimichin Licorice Lex,PK,Golden Lily's Maid for Acidos
PK,Acidos,Ups A Daisies,PK,Quimichin Licorice Lex,PK,Golden Lily's Maid for Acidos
PK,Acidos,Victoria Queen,PK,Quimichin Licorice Lex,PK,Acidos Miss Marilyn
PK,Acidos,Vivien Leight,PK,Quimichin Licorice Lex,PK,Acidos Miss Marilyn
PK,Acidos,Zaza Gabor,PK,Quimichin Licorice Lex,LK,Golden Lily's Zorro's Dream
PK,Adams,Futuresight,n/a,n/a,n/a,n/a
PK,Adorable Puppy,Jesse James,PK,Mascalzone Latino Di Rio Galeria,PK,Samuela Sardo Adorable Puppy
PK,Aheriikan,Excalibur,PK,Redenstamm Rigoletto,PK,Aheriika Alice
PK,Ahoheinän,Mette Mannonen,PK,Nikoli's Touch of Class,PK,Ahoneinän Helna
PK,Almeja,Bebita,PK,Tiny-Doll's Vernando,PK,Tekiche Maja Valuta
PK,Almeja,La Mancha Solar,PK,Pähkinän Amour de Chiens,PK,Almeja Falena
PK,Almeja,Perito Tranguilo,LK,Almeja Caro Zorrino,PK,Golden Lily's Very Lovely
PK,Amarantos,Rudyard,n/a,n/a,n/a,n/a
PK,Amarantos,Ryker,PK,Amarantos Leon,PK,Amarantos Sofya
PK,Amatika,Elegant Parti at Ballybroke,n/a,n/a,n/a,n/a
PK,Amazing Dream,Burberry Star,n/a,n/a,n/a,n/a
PK,Arzillo,Candle Flame,PK,Mohairs Pikachu,PK,Arzillo Dazzling Flame
PK,Aukso Uoga,Muscat Dendis,PK,Bugivugis Ace Of Hearts,PK,Sandra Mano Puma
PK,Av Lay-la,Twin Chacina,n/a,n/a,n/a,n/a
PK,Baltic Delight,Flower For Good Mood,PK,Magic Show Armas Lapsuke,PK,Blatic Delight Dolly
PK,Bel Ami Chis,Angelino,n/a,n/a,n/a,n/a
PK,Belyh Nochey,Zhemchug,PK,Anzhey Ot Drevnih Maja,PK,Yadviga
PK,Bemillan,Elegance,PK,Pähkinän Parfait Amour,PK,Bricit
PK,Bemillan,Golden Storm,LK,Misty Meadow's Dirtydancing,PK,Bricit
PK,Bemillan,Grazy For You,LK,Misty Meadow's Dirtydancing,PK,Bricit
PK,Bemillan,Luxurious Lady,PK,Spicy Angel Dazzling Diamond,PK,Bemillan Grazy For You
PK,Biscuits,Hello Honey,LK,Sweet Indeed The Last Emperor,PK,Biscuits Kiss'N'Tell
PK,Biscuits,Kiss'n'Tell,LK,Keenaughts Toe Tap N Travis,PK,Biscuits Sugababe
PK,Biscuits,Thrill Me,LK,Misty Meadow's Charlie Brown,PK,Bisquits Kiss'N'Tell
PK,Biscuits,Tickle Me,LK,Misty Meadow's Charlie Brown,PK,Bisquits Kiss'N'Tell
PK,Biscuits,Xmas Xtra,PK,Misty Meadow's Tiziano,PK,Biscuits Kiss'N'Tell
PK,Björnstigen's,Chocolate Chip Cookie,PK,Massar Le Roi Le Coeur De Chokolat ,LK,Wonderbits La Casita
PK,Björnstigen's,Elrond,n/a,n/a,n/a,n/a
PK,Björnstigen's,Fierce Brindle Boy,LK,Mini Fashion Floor It You Like It ,PK,Pamfiliya  
PK,Björnstigen's,Great King Of Brindle,LK,Mini Fahshion Loor It You Like It,LK,Wonderbits Casita
PK,Björnstigen's,Happy Harmony,LK,Mini Fashion Floor It You Like It ,LK,Shapiro's Infanta 
PK,Blue Foxfarm's,Apassi,PK,Pähkinän Premier Merlot,PK,Christalyx Aniara
PK,Blue Foxfarm's,Black Fox,PK,Pähkinän Premier Merlot,PK,Christalyx Nighwish
PK,Bramerita,Golden Wishes,PK,Neonshore Josh at Elgravia,PK,Bramerita Whizba
PK,Bramerita,Vodka N Ice at Keenaughts,PK,Jayspen Frosted Moonbeam With Brame,PK,Bramerita Whizba
PK,Bramver's,Dean,PK,Dartan N'Wincoo Ambassador,PK,Bramver's Cherry Blossom
PK,Bramver's,Full Smile,PK,Madam Reiko Jp William Bramver's  ,PK,Bramver's Mirai 
PK,Bramver's,Imagination,n/a,n/a,n/a,n/a
PK,Bramver's,Suddenly Chocolate,PK,Bramver's Imagination,n/a,n/a
PK,Bramver's,Superman,n/a,n/a,n/a,n/a
PK,Brooklyn Of Esteban's,Affair,PK,Armani Del Pequenos Mexicanos,PK,Cheyenne Del Pequenos Mexicanos
PK,Brända Bergets,X'Clusive,n/a,n/a,n/a,n/a
PK,Bugivugis,Ace Of Hearts,PK,Pähkinän Midas Touch,PK,Bai Kuin Viva La Vita
PK,Bugivugis,Bella Rosa,PK,Pähkinän Midas Touch,n/a,n/a
PK,Capzy's,Anthacea,PK,Misty Meadow's Billy The Kid,PK,Nicoret's Black Ballet
PK,Capzy's,Heart Harusin,PK,Capzy's Care of Start,LK,Christalyx Yolanda
PK,Carmen Medina,Aukso Uoga,PK,Chochoba Atomic Zippy Hippy,PK,Sandra Mano Puma
PK,Chakiran,Jackpotter,PK,Siruliinun Jackie Chan,PK,Chakiran Lilla Belissimo
PK,Chakiran,Lilla Belissimo,PK,Tuhkimon Pikku Lore,PK,Nikoli's Vitalita
PK,Chakiran,Little Laura,PK,Tuhkimon Pikku Lore,PK,Nikoli's Irish Gold
PK,Chanelia,Anastasia,LK,Shah Arpilin Zefir Han,LK,Pähkinän Heroine
PK,Charmant Baiser,Fraicais Mazieji Seselia,PK,Rix Chix Brain Storm,PK,Rus Kartel Lili Rous
PK,Chicarillos,Ardita,PK,De Gozette Yes,PK,Chicarillos Tinttaralla
PK,Chicarillos,Damitra,LK,Crawford Dressed Toparty,PK,Chicarillos Ardita
PK,Chicarillos,Fina Troubadour,LK,De Gozette Qupla,PK,Chicarillos Fineza
PK,Chicarillos,Jadelle,LK,Sweet Indeed Blackberry,PK,Chicarillos Jadenhali
PK,Chico Querida's,Blue Knock Out,n/a,n/a,n/a,n/a
PK,Chico Querida's,Sweetnes Follows,LK,Mistyway Follow Me  ,LK,Pasqua Oranga Av Lay-Ia 
PK,Chico Querida's,Tuxedo Royale,n/a,n/a,n/a,n/a
PK,Chico Querida's,Waltzing On Ice,LK,Misty Meadow's Shallwedance,LK,Ammonti's Lolita Little Doll
PK,Chidelia,Bella Celina,n/a,n/a,n/a,n/a
PK,Chidelia,Everlasting Love,PK,Bel Ami Chis's Sir Francis Boy  ,PK,Chidelia Bella Celina  
PK,Chilimawa's,Holy Moly,n/a,n/a,n/a,n/a
PK,Chiliwawa's,No Shit Sherlock,n/a,n/a,n/a,n/a
PK,Chimane's,Contessa Chimiwa,LK,Nikoli's Viceroy,PK,Chimane's Contessa Adele
PK,Chimane's,Flor De Primavera,LK,Inkiväärin Buwu Manso,PK,Chimane's Dulce Carmelita
PK,Chimane's,Idefix,PK,Pähkinän Parfait Amour,PK,Pähkinän Ursula
PK,Chimane's,Iwo Jima,PK,Pähkinän Parfait Amour,PK,Pähkinän Ursula
PK,Chimane's,Little Star,PK,Ykkösturva Ihana Iiro,LK,Murmur Latest Flame
PK,Chimane's,Manzana,PK,Chimane's Little Star,PK,Pähkinän Ursula
PK,Chimane's,Noche Buena,PK,Chimane's Little Star,PK,Chimane's Contessa Adele
PK,Chimane's,Noche de Amor,PK,Chimane's Little Star,PK,Chimane's Contessa Adele
PK,Chimiwas,Alixava,PK,Nikoli's Spice World,PK,Dafna
PK,Chimiwas,Belle Blanche,PK,Namkliv Mr Snow Flake,PK,Spicy
PK,Chimiwas,Gideon Grafton,PK,Namkliv Mr Snow Flake,PK,Spicy
PK,Chimiwas,Gilda Grace,PK,Namkliv Mr Snow Flake,PK,Spicy
PK,Chimiwas,Golda Godivia,PK,Namkliv Mr Snow Flake,PK,Spicy
PK,Chimiwas,Nelma Nicoline,PK,Chimiwas Gideon Grafton,PK,Chimane's Contessa Chimiwa
PK,Chinellyn,Adia Adelphie,PK,Namkliv Piccolo,PK,Misastan Nelly
PK,Chinellyn,Heroe Jero,PK,Miknat Prinssijonathan,PK,Misastan Nelly
PK,Chinellyn,Sundance,PK,Namkliv Piccolo,PK,Misastan Nelly
PK,Chinellyn,Sweet Fairytale,PK,Namkliv Piccolo,PK,Misastan Nelly
PK,Chinellyn,Sweetheart,PK,Namkliv Piccolo,PK,Misastan Nelly
PK,Chinellyn,Tender Icebreaker,PK,Miknat Prinssijonathan,PK,Misastan Nelly
PK,Chinellyn,Time I Fell In Love,PK,Miknat Prinssijonathan,PK,Misastan Nelly
PK,Chinellyn,Top Sweety,PK,Namkliv Piccolo,PK,Misastan Nelly
PK,Chipau,Cendra,n/a,n/a,n/a,n/a
PK,Chipau,Concert,n/a,n/a,n/a,n/a
PK,Chi's,Lovely Cassio,n/a,n/a,n/a,n/a
PK,Chi's,Lovely Miranda,n/a,n/a,n/a,n/a
PK,Chistoso,Upper Crust,PK,Daxy Molodez,LK,Hayes Unisexy of Chistoso
PK,Chistoso,Whispering Wind,PK,Pähkinän Tigre D'Amour,PK,Arnica Montana Exupery-Desaint
PK,Chiwawa's,Jonathan,PK,Crawford Devil's Dance,PK,Ängla Vakt Fathima
PK,Chiwawa's,Sweet Brownie,PK,Nefrosinan A'Beauty Boy,PK,Ängla Vakt Fathima
PK,Chochoba,Atomic Zippy Hippy,PK,Little Step's Kalahari,PK,Medeia
PK,Chokadei,Fruit Mix,PK,French-Coco-Nanook Des Patibullies,LK,Ekzotik Lain Kiss Me
PK,Christalyx,Aniara,LK,Christalyx E-Type,PK,Christalyx Black Pearl
PK,Christalyx,James Dean,PK,Ontherocks di San Gimignano,PK,Christalyx Chocolat
PK,Christalyx,Kashmir,LK,Christalyx Charlie Brown,LK,Christalyx Crystal Pearl
PK,Christalyx,Louisiana,PK,Christalyx Great Rebellion,PK,Christalyx Lady Jane
PK,Christalyx,Marilinn,PK,Christalyx Capricorn,PK,Christalyx Penny Lane
PK,Christalyx,Safiiri,PK,Ontherocks di San Gimignano,PK,Christalyx Black Pearl
PK,Cleopy,Magic Splash,PK,Coltham Pocket Hero,PK,Cleopy Magic Potion
PK,Cleopy,Sir Oliver,PK,Yorone Read My Lips,PK,Cleopy Florence
PK,Cold Rock's,Choco Blanc Et Marron,PK,Minimonumentet's Konrad,PK,Pirate's Star Chocolate Jasmine
PK,Coltham,Karaoke Kid,PK,Coltham Kodak,PK,Coltham Kismet
PK,Coltham,Karmel,PK,Coltham Keepsake  ,PK,Coltham I Can Can-Can 
PK,Coltham,Music For Dancing At Lowenchi,n/a,n/a,n/a,n/a
PK,Coral Coat,Corallina,LK,Shamaanin Sheikki,PK,Shamaanin Saaga
PK,Crawford,Better Be Good,PK,Crawford Cool Willy Wonka,PK,Crawford Bling Bling Doll
PK,Crawford,Bling Bling Doll,PK,Crawford Force Majeure,LK,Crawford Baby Let's Play
PK,Crawford,Bossa Nova Blondie,PK,Crawford Force Majeure,LK,Crawford Burning Love
PK,Crawford,Devil's Dance,PK,Daxy Molodez,PK,Crawford Sweet Dream
PK,Crawford,Esperanza,PK,Daxy Molodez,PK,Crawford Erykah
PK,Crawford,Evita,LK,Crawford Dressed Toparty,PK,Crawford Erykah
PK,Crawford,Force Majeure,LK,Sventra Ringo Starr,LK,Crawford Fair Chance
PK,Crawford,Joyous Party,LK,Crawford Dressed Toparty,PK,Strassenkind Jalina
PK,Crawford,Master of Party,LK,Crawford Dressed Toparty,LK,Biggie Molodez
PK,Crawford,Mighty Mike,PK,Crawford Force Majeure,PK,Crawford Mighty Luck
PK,Crawford,Miss Moneypenny,PK,Daxy Molodez,PK,Crawford Mighty Luck
PK,Crawford,Show Piece,PK,Daxy Molodez,PK,Crawford Sweet Smurfiina
PK,Crawford,Spring Fever,PK,Daxy Molodez,PK,Crawford Sweet Smurfiina
PK,Crawford,Sweet And Hot,PK,Daxy Molodez,PK,Crawford Sweet Chili
PK,Crawford,Sweet Indeed,PK,Daxy Molodez,PK,Crawford Sweet Gold
PK,Daxy,Molodez,PK,Grahenforst's Americ Playboy,PK,Prima Molodez
PK,de Arlejo,Gael,n/a,n/a,n/a,n/a
PK,de Arlejo,Sanson,n/a,n/a,n/a,n/a
PK,de Arlejo,To-Make-Red-Hot,PK,Misty Meadow's Silenceplease,PK,Rosalago MM'sCoccodrillo
PK,De Gozette,Ce La Vie,PK,Omega Di Rio Galeria,PK,De Gozette Jeannie
PK,De Gozette,Minore,PK,De Gozette Yasimba Joe,PK,De Gozette Tiramizu
PK,De Gozette,Miritza,PK,De Gozette Rambler,PK,Mollydood Di Rio Galeria
PK,De Gozette,Saffie,PK,De Gozette Uzzi,PK,De Gozette Umsiela
PK,De Gozette,Umsiela,PK,Chicarillos Banda,PK,De Gozette Ullastina
PK,De Gozette,Uri Geller,LK,De Gozette Whisperin Man,PK,De Gozette Ursula
PK,De Gozette,Ursula,LK,De Gozette Qupla,PK,De Gozette Ullastina
PK,De Gozette,Uzzi,PK,De Gozette Rambler,LK,De Gozette Usva
PK,De Gozette,Weeny,PK,Don El Matador Dell'Aculelo,PK,De Gozette Wii
PK,De Gozette,Weni,PK,De Gozette Nathan,PK,De Gozette Wii
PK,De Gozette,Wici,PK,De Gozette Nathan,PK,De Gozette Wii
PK,De Gozette,Widi,PK,De Gozette Nathan,PK,De Gozette Wii
PK,De Gozette,Vip,PK,Great Gem's Definitelymaybe,PK,Texmex Minimum
PK,De Gozette,Wipstep,PK,Bandolero Di Rio Galeria,PK,De Gozette Vip
PK,Delarosa's,Melinda,LK,Suvikasteen Handsomeboy,PK,Christalyx Marielle
PK,Delarosa's,Nikita Kid,PK,Rozovy Agat Nik Solnechny Zaychik,LK,Delarosa's Pretty Puma
PK,des Patibullies,French-Coco-Nanook,PK,Outwest's Copper Creek For Kalinka,PK,Benita Des Patibullies
PK,Devika's,Lucky Number Slevin,PK,Xeliantos Little Honey,PK,Baltic Delight Flower For Good Mood
PK,Devika's,Magic Lantern,PK,Nikoli's Always Forever,PK,Baltic Delight Flower For Good Mood
PK,Di Rio Galeria,Bandolero,n/a,n/a,n/a,n/a
PK,Di Rio Galeria,Damasco-Pl,n/a,n/a,n/a,n/a
PK,Di Rio Galeria,Moises Of Leslie,LK,South Fork's The Beat Goes On ,PK,Naomicampbell 
PK,Di Rio Galeria,Quickstep,PK,Rasputin Di Rio Galeria,PK,Etolle Di Rio Galeria
PK,di San Gimignano,Disney World,PK,Misty Meadow's Donald Duck,PK,Worldnews Di San Gimignano
PK,di San Gimignano,Hello Kitty,LK,Misty Meadow's Kingleopold,PK,Misty Meadow's Flashnews
PK,di San Gimignano,On The Rocks,n/a,n/a,n/a,n/a
PK,di San Gimignano,Show Me The Way,LK,Misty Meadow's Dressedtodance,LK,Show Me The Heaven Di San Gimignano
PK,di San Gimignano,World Cup,PK,Misty Meadow's Donald Duck,PK,Worldnews Di San Gimignano
PK,di San Gimignano,World War,n/a,n/a,n/a,n/a
PK,di San Gimignano,Worldnews,LK,Guichon's Rock Your World,n/a,Misty Meadow's Flashnews
PK,Diosa De Ebano,De Puerto Princesa,n/a,n/a,n/a,n/a
PK,Divaliinan,Calvin's Red Escape,PK,Nikoli's Lucky Leader,PK,Ciarah
PK,Don El Matador,Dell' Aculeo,PK,Youssundiur Di Rio Galeria,PK,Donaamapola Dell' Aculeo
PK,Draque Bien,Cirque Du Cid,PK,Kimberling's Inspector Henderson,PK,Helmiäisen Dressing Draquebien
PK,Draque Bien,Espiritu Elite,PK,Chochoba Atomic Zippy Hippy,PK,Helmiäisen Dressing Draquebien
PK,Dreampaws,Happy Holly,n/a,n/a,n/a,n/a
PK,Dreampaws,Wish My Name Was R'Belle,n/a,n/a,n/a,n/a
PK,Duppy,Endless Love,PK,Nikoli's Wild Game,LK,Golden Lily's Queen of Duppy
PK,Duppy,Forever Yours,PK,Ferca's Fina Estampa,LK,Duppy Nightingale
PK,Duppy,Isabel Duncan,LK,Misty Meadow's Charlie Brown,LK,Golden Lily's Queen of Duppy
PK,Duppy,Love Me Sweet,LK,Zzman's Laser Flame,LK,Golden Lily's Queen of Duppy
PK,Duppy,Perfect Feeling,PK,Ginnemon Gorgeous Guy,PK,Duppy Love Me Sweet
PK,Duppy,Power Of Love,PK,Ginnemon Gorgeous Guy,PK,Duppy Love Me Sweet
PK,Duppy,Stars'N'Stripes,LK,De Gozette Cougar,LK,De Gozette Yngve
PK,Duppy,Vanilla Sky,PK,Helmiäisen Royal Ambassador,LK,Vladistar Tayra Great
PK,Duppy,Yankee Rose,LK,Arrende Demon Lover Of Mitimnu,PK,Duppy Isabel Duncan
PK,Duppy,Yours Truly,LK,Arrende Demon Lover Of Mitimnu,PK,Duppy Isabel Duncan
PK,Elise,Dovanu Shance,PK,Xeliantos Little Roshe,PK,Bugivugis Bella Rosa
PK,Elith,Knock Out Mess,n/a,n/a,n/a,n/a
PK,Elluchi,Blue Jeans,PK,Pähkinän Bijou D'Amour,LK,Pähkinän Gabrielle
PK,Est Dream,Elmore Rolando,LK,Crawford Dressed Toparty,PK,Nikole Kidman
PK,Everypot's,Judy Holliday,PK,Tanya's Lil Curmudgeon,LK,Everypot's Doris Day
PK,Fleiss,Nougat,PK,Capzy's Freedom Fighter,PK,Tekiche Maja Gorislava
PK,Fleiss,Talviyön Toivo,PK,Suvikasteen Thor,PK,Fleiss Nougat
PK,Flitwick's,Hot Burning Love,n/a,n/a,n/a,n/a
PK,Fondof,Eloge To Chanza,n/a,n/a,n/a,n/a
PK,Gillycuddy,Last Living Rose,n/a,n/a,n/a,n/a
PK,Gillycuddy,Lavender Lace,n/a,n/a,n/a,n/a
PK,Gillycuddy,Love At First Sight,PK,Gillycuddy Last Kiss Goodbye,PK,Gillycuddy Love Actually  
PK,Ginnemon,Aristocat,PK,Ginnemon Gorgeous Guy,PK,Milaja Kroha Grusha
PK,Ginnemon,Betty Boop,PK,Misty Meadow's Fredflintstone,PK,Tiny Honey's Xena Spears
PK,Ginnemon,Ginny Gal,PK,Tornitien Röhky,LK,Belvedere
PK,Ginnemon,Go-Go Brown,LK,Misty Meadow's Charlie Brown,PK,Tekiche Maja Zhenevieva II
PK,Ginnemon,Gorgeous Guy,PK,Tornitien Röhky,LK,Belvedere
PK,Ginnemon,Happy Cat,PK,Ginnemon Gorgeous Guy,PK,Milaja Kroha Grusha
PK,Ginnemon,Hello Kitty,LK,Nikoli's Whisper A Wish,PK,Ginnemon Pussy Cat
PK,Ginnemon,Lucky One,PK,Nikoli's Lucky Leader,PK,Milaja Kroha Grusha
PK,Ginnemon,Roger Rabbit,PK,Misty Meadow's Fredflintstone,PK,Tiny Honey's Xena Spears
PK,Golden Cup,Aji Cristal,PK,Pikku Prinsessan Salmiakki,LK,Shah Mehiko Laif Zebra
PK,Golden Lily's,Divine'N'Young,LK,Golden Lily's Young Rebel,PK,Golden Lily's Queen of Love
PK,Golden Lily's,Don Juan,PK,Svian's Tejon,PK,Nikoli's Yaccara
PK,Golden Lily's,Gonewiththewind,PK,Nikoli's Sanssouci,PK,Nikoli's Yaccara
PK,Golden Lily's,Innocent Boy,PK,Golden Lily's Don Juan,PK,Nikoli's Twilight Time
PK,Golden Lily's,Key to Nikolis,LK,Golden Lily's Flaming Star,PK,Nikoli's Twilight Time
PK,Golden Lily's,Proud Teddyboy,PK,Svian's Tejon,PK,Golden Lily's Love Poem
PK,Golden Lily's,Queen of Love,LK,Golden Lily's Night Dream,PK,Golden Lily's Gonewiththewind
PK,Golden Lily's,Very Lovely,PK,Golden Lily's Innocent Boy,PK,Golden Lily's Proud Teddybaby
PK,Grand,Mole Rim,n/a,Leri Ros Feri Fentezi,n/a,Grand Mole Buona
PK,Grymlings,Ölvaldi,PK,Nikoli's Wild Game,n/a,n/a
PK,Grymlings,Önska,PK,Nikoli's Wild Game,n/a,n/a
PK,Guichon's,Rock Your World,LK,Guichon's Besame Mucho,LK,Guichon's Geisha Girl
PK,Haltijapuiston,Casanova,LK,Murmur Bertie Wooster,PK,Murmur Pinky Piglet
PK,Happy Band,J'Adore Joy Oskar,n/a,n/a,n/a,n/a
PK,Harcco's,Hard As A Rock,LK,Sweet Indeed Blackberry,LK,Shapiro's Rosana Almira
PK,Harcco's,Heaven's On Fire,LK,Sweet Indeed Blackberry,LK,Harcco's Killer Queen
PK,Harger's,Chateau De Chazz-L,n/a,n/a,n/a,n/a
PK,Helena's Band,Koda,n/a,n/a,n/a,n/a
PK,Helena's Band,Shooting Star Cream,n/a,n/a,n/a,n/a
PK,Helmiäisen,Artemis,PK,Show Me Love Di San Gimignano,PK,Misty Meadow's Merengue
PK,Helmiäisen,Can't By Me Love,PK,Helmiäisen Legend Of Sun,LK,Helmiäisen Fly Baby Fly
PK,Helmiäisen,Dance Of Sun,LK,Misty Meadow's Dirtydancing,PK,Misty Meadow's Bluesun
PK,Helmiäisen,Dressing Draquebien,PK, Misty Meadow's Tiziano,PK,Misty Meadow's Dressedtoimpress
PK,Helmiäisen,Empress Of Joy,LK,Misty Meadow's Emperor Jubilation,LK,Helmiäisen Aina Ilona
PK,Helmiäisen,Esmeralda,LK,Natimuk Sweet Indeed,PK,Tuhkimon Diiva Balleriina
PK,Helmiäisen,Fernanda,PK,Misty Meadow's Fredflintstone,PK,Helmiäisen Esmeralda
PK,Helmiäisen,Gothic Beauty,LK,Misty Meadow's Charlie Brown,PK,Misty Meadow's Vanity Fair
PK,Helmiäisen,House Of Elliot,PK,Helmiäisen Raffaello,LK,Misty Meadow's Mulan
PK,Helmiäisen,Katla,PK,Helmiäisen Legend Of Sun,LK,Misty Meadow's Mulan
PK,Helmiäisen,Krafla,PK,Helmiäisen Legend Of Sun,LK,Misty Meadow's Mulan
PK,Helmiäisen,Legend Of Legends,PK,Helmiäisen Legend Of Sun,LK,Misty Meadow's Queen Paola
PK,Helmiäisen,Legend Of Sun,PK,Misty Meadow's Tiziano,PK,Misty Meadow's Bluesun
PK,Helmiäisen,Lois Lane,PK,Misty Meadow's Rintintin,PK,Kaunosilmän Sabriina
PK,Helmiäisen,Maggie Simpson,PK,Show Me Love Di San Gimignano,LK,Misty Meadow's Inuyasha
PK,Helmiäisen,Marie Claire,LK,Misty Meadow's Charlie Brown,PK,Misty Meadow's Vanity Fair
PK,Helmiäisen,Marilyn Monroe,PK,Misty Meadow's Tiziano,PK,Helmiäisen Empress Of Joy
PK,Helmiäisen,On Fire,PK,Himna Eldur,LK,Helmiäisen Wondergirl
PK,Helmiäisen,Pate,LK,Helena's Band At Choko Spirit,LK,Misty Meadow's Chocolate Break
PK,Helmiäisen,Pearl,PK,Helmiäisen Raffaello,PK,Helmiäisen Flaming Sun
PK,Helmiäisen,Raffaello,PK,Misty Meadow's Tiziano,LK,Pähkinän Aniitti
PK,Helmiäisen,Raul Martinez,LK,Misty Meadow's Dirtydancing,PK,Helmiäisen Esmeralda
PK,Helmiäisen,Rhett Butler,PK,Misty Meadow's Tiziano,PK,Helmiäisen Sydäntypy
PK,Helmiäisen,Royal Ambassador,LK,Natimuk Sweet Indeed,PK,Misty Meadow's April In Paris
PK,Helmiäisen,Snow White,LK,Natimuk Sweet Indeed,LK,Misty Meadow's Mulan
PK,Helmiäisen,Tom Cruise,PK,Misty Meadow's Tiziano,PK,Pähkinän Texas Sugarbabe
PK,Helmiäisen,Tornado,PK,Helmiäisen Royal Ambassador,PK,Hello Kitty Di San Gimignano
PK,He-Man's,Goljat,PK,He-Man's Fonzie,PK,Zzman's White Jazzgirl
PK,He-Man's,Iso-Iivari,PK,He-Man's Fonzie,PK,Zzman's White Jazzgirl
PK,He-Man's,Kashmir,PK,He-Man's Goljat,LK,Nessi
PK,Hi-C,Ice Cold Fusion,n/a,n/a,n/a,n/a
PK,Himna,Eldur,PK,Sanflai De Pahkinan Helenes,PK,Arnica Montana Castella Texana
PK,Honey Paj's,Gaston Den Gigantiska,n/a,n/a,n/a,n/a
PK,Honey-Pots,Tutti-Frutti,PK,Namkliv Party Time,PK,Dankeros Lav Limelight
PK,Hopeanuolen,Werneri,PK,Massar Le Roi Le Coeur De Chokolat ,PK,Hopeanuolen Crown Jewellery
PK,Hopeanuolen,Wilhelmiina,PK,Massar Le Roi Le Coeur De Chokolat ,PK,Hopeanuolen Crown Jewellery
PK,Ilanc,Ilanc,PK,Shah Arpilin Tiny Tail  ,PK,Emmanuel  
PK,Imperial Luxyry,Incredible Joy,LK,Imperial Luxyry Vasabi,LK,Imperial Luxyry Belladonna
PK,Inkiväärin,Buba Panketo,LK,Chimane's Conte Theodoro,PK,Quimichin Valentina
PK,Inkiväärin,Columbia,PK,Inkiväärin Buba Panketo,LK,Quimichin My Lucky Charm
PK,Inkiväärin,Dinlanbam,PK,Chimane's Little Star,PK,Karlux Mysterious Girl
PK,Inkiväärin,Edaabete,PK,Nikoli's Lucky Leader,LK,Inkiväärin Hamu Janwa
PK,Inkiväärin,Finnick Odair,PK,Inkiväärin Buba Panketo,LK,Moaningmyrtille
PK,Inkiväärin,Kekuta Poobaroo,LK,Chimane's Conte Theodoro,PK,Quimichin Valentina
PK,Inkiväärin,Kizmo,PK,Killjoy D'Artagnan,PK,Karlux Mysterious Girl
PK,Inkiväärin,Sibo Janwa,LK,Golden Lily's Wild Dream,PK,Inkiväärin Mansa Musu
PK,Inkiväärin,Teloo Seleeka,PK,Tanya's Sharp Dressed Man,PK,Inkiväärin Dinlanbam
PK,Janie-Lynn's,Excellent Edition,n/a,n/a,n/a,n/a
PK,Jo-Chin,Renesme,LK,Rivierarose Cesar,LK,Jo-Chin Minny
PK,Kalbitos,Amiga De Alma,LK,Sweet Indeed Blackberry,PK,Chicuelos Iron Maiden  
PK,Kaunosilmän,Priscilla,PK,Ykkösturva Ihana Iiro,LK,Chipeque Juanita
PK,Kekkapään,Antero Vipunen,LK,Zucchero Di San Gimignano,PK,Kimberling's Bubbles
PK,Kekkapään,Kyllikki Kaunismieli,LK,Zucchero Di San Gimignano,PK,Kimberling's Bubbles
PK,Kekkapään,Loistava Leena,LK,Zucchero Di San Gimignano,PK,Kimberling's Bubbles
PK,Kimberling's,Bubbles,PK,Misty Meadow's Tiziano,PK,Helmiäisen Lois Lane
PK,Kimberling's,Lucy Lane,PK,Misty Meadow's Fredflintstone,PK,Helmiäisen Lois Lane
PK,Kimberling's,Tuure,PK,Crawford Devil's Dance,PK,Little Step's Kimberling
PK,Kind Of Gremlins,Albin,n/a,n/a,n/a,n/a
PK,King Size,Skywalker,n/a,n/a,n/a,n/a
PK,Kingdom Dream's,Lady Lianna,LK,Tornitien Armas Aarre,PK,Zaron Tale's Ivorylady
PK,Koivikkolehdon,Donatello,PK,Sommarö Rapsody,PK,Nikoli's Jubilee Party
PK,Kokkokallion,Cafe Au Lait,PK,De Gozette Yasimba Joe,LK,Kokkokallion Caffe
PK,Kokkokallion,Cafe Noir,PK,De Gozette Yasimba Joe,LK,Kokkokallion Caffe
PK,Kokura Yama,Jp Katsuroforminilegion,n/a,n/a,n/a,n/a
PK,Kolumbus,Black Rose,PK,French-Coco-Nanook Des Patibullies,PK,Picasso's Lil Rose Of Kolumbus
PK,Kolumbus,Donna Lourdes,PK,Baronerosso di Rio Galeria,PK,Kolumbus Indigo
PK,Koru's,Ayax Pango,n/a,n/a,n/a,n/a
PK,Koru's,Bajaz Rawiri,LK,Chipau Sir Simon  ,PK,Betty Boop Des Patibullies  
PK,Kospin,Je T'Aime,PK,Misty Meadow's Fredflintstone,LK,Kospin Giggling Girl
PK,Kularin,Jadeliina,PK,Ajuttuum,LK,Silences Indira
PK,Kularin,Jumina,PK,Ajuttuum,LK,Silences Indira
PK,Kuusalon,Iltasatu,LK,Quimichin Bulldozer,PK,Joanna
PK,Kuusalon,Nukkumatti,LK,Quimichin Bulldozer,PK,Joanna
PK,Lady Chin,Tarantino,PK,Lasgolondrinas America,PK,Siruliinun Wilhelmiina
PK,Lady Chin,Uma Thurman,PK,Lasgolondrinas America,PK,Siruliinun Wilhelmiina
PK,Lazy Daze,Freja,n/a,n/a,n/a,n/a
PK,Lazy Daze,I Am Idefix,PK,Pähkinän Sultan de Reves,PK,Lazy Daze Lazy Daizy
PK,Lazy Daze,Lazy Daizy,PK,Lazy Daze American Play,PK,Lazy Daze Bonnybell Rose
PK,Lazy Daze,Tender Love,LK,Misty Meadow's Charlie Brown,LK,Lazy Daze Bianca
PK,Lilldivan's,Miss Beauty,n/a,n/a,n/a,n/a
PK,Lilnelly's,The Dream Dance,LK,Tickawis Dance Tonight,LK,Nefrosinan Creamy Cashmere
PK,Lionheart,Looking Forward,n/a,n/a,n/a,n/a
PK,Little Phoenix's,Ex Tenebris Lux,LK,Eldorato Di Rio Galeria,PK,Little Phoenix's Amor Ordinem Nescit
PK,Little Phoenix's,Heartland,PK,Muscat Dendis Aukso Uoga,LK,Janochka Koketka Svetlana Ltd
PK,Little Phoenix's,Innocens Non Timidus,PK,Muscat Dendis Aukso Uoga,PK,Little Phoenix's Amor Caecus Est
PK,Little Phoenix's,Lucky Santangelo,PK,Muscat Dendis Aukso Uoga,LK,Janochka Koketka Svetlana Ltd
PK,Little Phoenix's,Masonstorm By Carmen,PK,De Gozette Weni,PK,Carmen Medina Aukso Uoga
PK,Little Phoenix's,Max Payne By Carmen,PK,De Gozette Weni,PK,Carmen Medina Aukso Uoga
PK,Little Phoenix's,Omne Trium Perfectum,LK,De Gozette Nuncha,PK,Little Phoenix's Amor Ordinem Nescit
PK,Little Phoenix's,Pocahontas,PK,Vi'Waun Amaleo,LK,Janochka Koketka Svetlana Ltd
PK,Little Step's,Kiana,LK,Zzman's Laser Flame,PK,Misastan Key to Kiss
PK,Little Step's,Kimberling,PK,Little Step's Rolling Stone,PK,Misastan Key to Kiss
PK,Little Step's,Rolling Stone,PK,Misty Meadow's Mickeymouse,PK,Mustan Ruhtinaan Romeo's Mary Lu
PK,Little Step's,Secret Weapon,PK,Little Step's Century Boy,LK,Pähkinän Soleil Brillant
PK,Little Step's,Silver Jig,PK,Miknat Prinssijonathan,PK,Misty Meadow's Stepdance
PK,Little Step's,Single Jig,PK,Miknat Prinssijonathan,PK,Misty Meadow's Stepdance
PK,Lora Lain,Madam Butterfly Night Pearl's,PK,Brooklyn Of Esteban's Affair,PK,Yanger Tutaria For Lora Line
PK,Lora Lain,Sharon Stone Night Pearl's,PK,Yangen Salvador Dali For Lora Lain,PK,Yanger Tutaria For Lora Line
PK,Magic Show,Dear Duke-Duck,LK,Mickey Silver Star Retenybe,LK,Pähkinän Magic Show
PK,Magic Show,Little Step's Khalid,PK,Little Step's Kalahari,PK,Shah Arpilin Jarli O'Kinli
PK,Magic Show,Mustikas,n/a,n/a,n/a,n/a
PK,Magic Show,Want To Have Fun,PK,Magic Show Ray Of Sunshine,LK,Magic Show I Ledy Gaga
PK,Maikkilan,Mocca,PK,De Gozette Nathan,PK,Youandme Di Rio Galeria
PK,Marchipans,Choko Sugar,LK,Helena's Band At Choko Spirit,LK,Milone's Doo Little
PK,Massar,Le Roi Le Coeur De Chokolat,n/a,n/a,n/a,n/a
PK,Mc Albert's,Belissima,n/a,n/a,n/a,n/a
PK,Mechico's,Choko Elmer,PK,French-Coco-Nanook Des Patibullies,PK,Marchipans Choko Sugar
PK,Mechico's,Choko Evert,PK,French-Coco-Nanook Des Patibullies,PK,Marchipans Choko Sugar
PK,Merdora's,Fievel,LK,Donnaconan Ian Ziering,PK,Carpral Marionette
PK,Merihelmen,Hannatädinkakku,LK,Shah Mehiko Laif Filichita,PK,Merihelmen Bile-Hile
PK,Mes Bugivugis,Timothy,n/a,n/a,n/a,n/a
PK,Microschihuas,Al Capone,PK,Stevilda Al Pacino At Ballybroke,PK,Microschihuas Icon
PK,Miknat,Prinssijonathan,PK,Little Step's Rainbow,PK,Tinyhoneys Mimi
PK,Mini Fashion,First Copywright Rose,n/a,n/a,n/a,n/a
PK,Mini Fashion,Walking Charm,n/a,n/a,n/a,n/a
PK,Mini Mexicano's,Sugar Jewel,PK,Namkliv Party Time,PK,Nicoret's Kiss Kiss
PK,Mini Morris,I Am Saleen Twin Turbo,n/a,n/a,n/a,n/a
PK,Minimajesty,Black Diamond,PK,Smurff's Dog Barack O Bama,PK,Diamond's Tiki
PK,Minimonumentet's,Konrad,PK,Minimonumentet's Hamilton,LK,Chabby Chick Alva
PK,Misastan,Nelly,PK,Misastan Apricot Andy,PK,Misastan Jeanette
PK,Misastan,Ninny,PK,Misastan Apricot Andy,PK,Misastan Jeanette
PK,Misty Meadow's,Dancingbear,PK,Misty Meadow's Dancingmaster,LK,Rosalago MM's Fiorella
PK,Misty Meadow's,Donald Duck,n/a,n/a,n/a,n/a
PK,Misty Meadow's,Doris Speed,n/a,n/a,n/a,n/a
PK,Misty Meadow's,Duffy Duck,PK,Misty Meadow's Donald Duck,LK,Misty Meadow's Danubioblu
PK,Misty Meadow's,Earl Grey,LK,Misty Meadow's Dancingmaster,PK,Alveena Earthnut
PK,Misty Meadow's,Enjoy Life,PK,Chidelia Cover Of Cosmopolitan,PK,Alveena Egret
PK,Misty Meadow's,Fredflinstone,n/a,n/a,n/a,n/a
PK,Misty Meadow's,Isadora,n/a,n/a,n/a,n/a
PK,Misty Meadow's,Magicmusic,PK,Misty Meadow's Rockefeller,PK,Misty Meadow's Snow Saxophone
PK,Misty Meadow's,Rintintin,n/a,n/a,n/a,n/a
PK,Misty Meadow's,Royalflash,n/a,n/a,n/a,n/a
PK,Misty Meadow's,Speedunlimited,PK,Misty Meadow's Max Speed,PK,Misty Meadow's Suziquattro
PK,Misty Meadow's,Stepdance,LK,Misty Meadow's Dressedtodance,PK,Misty Meadow's Trudy
PK,Misty Meadow's,Tiziano,n/a,n/a,n/a,n/a
PK,Monkeybone,Toyotama-Hime,LK,Bramver's Let It Be,PK,De Gozette Wippies
PK,Mourning Dove's,Little Rascal,LK,Shah Arpilin Talisman Udachi,PK,Mourning Dove's Shadow Huntress
PK,Murmur,Celeste,PK,Tanya's Sharp Dressed Man,PK,Nikoli's White Cloud
PK,Murmur,Miss Rose Bud,LK,Murmur cosmic McShane,PK,McCormicks Royal Scandal
PK,Murmur,Walk This Way,PK,Tanya's Sharp Dressed Man,PK,Nikoli's White Cloud
PK,Muurahaismäen,Geysir,LK,Sweet Indeed Blackberry,LK,Muurahaismäen Domino
PK,My Precious,Ice Princess,n/a,n/a,n/a,n/a
PK,Namkliv,Follow The Music,LK,Mistyway Follow Me,LK,Namkliv Spanish Music
PK,Namkliv,Mr Snow Flake,PK,Misty Meadow's Snow Saxophone,PK,Crawford Fortune Hunter
PK,Namkliv,Party Time,LK,Crawford Dressed Toparty,PK,Namkliv Prim Rose
PK,Namkliv,Pretty Princess,LK,Crawford Dressed Toparty,PK,Namkliv Dancingprincess
PK,Namkliv,Princess Story,PK,Chimane's Pähkinän Eeyore,PK,Shah Arpilin Natalie
PK,Nebrasca Edda,Nino,PK,Inkan Kassovia,PK,Anca L M Hanzusovci
PK,Nefrosinan,A'Beauty Boy,PK,Rozovy Agat Ain Cappucino Melange,PK,Pähkinän Nefrosinan
PK,Nefrosinan,C'diamond,PK,Nefrosinan A'Beauty Boy,PK,Chistoso Whispering Wind
PK,Nevanperä'Von,Blue Angel Star,n/a,n/a,n/a,n/a
PK,Nevanperä'Von,Princess Of Diamond,n/a,n/a,n/a,n/a
PK,Next Germanika,New Year,LK,Kotek Next Germanika,LK,Melanie My Love Z Antuszy
PK,Nicoret's,Kiss Kiss,PK,Cleopy Sir Oliver,LK,Nicoret's Pokeri
PK,Nicoret's,Mio Min Mio,PK,Amarantos Rudyard,PK,Redrowan Lodge Autumnaura
PK,Nicoret's,Vuokko Ensio,LK,Sweet Indeed Blackberry,PK,Hanna
PK,Night Pearl's,Monsterican Dream,LK,Night Pearl's Lover Boy,PK,Acidos Ups A Daisies
PK,Nightwish's,Cool Chocolate Charmer,n/a,n/a,n/a,n/a
PK,Nikoli's,Always Forever,LK,Nikoli's All That Magic,PK,Duppy Forever Yours
PK,Nikoli's,Angel Eyes,LK,Golden Lily's Young Rebel,LK,Nikoli's Heaven On Earth
PK,Nikoli's,Black Pearl,PK,Nikoli's Lucky Leader,LK,Nikoli's Pearl Of Orient
PK,Nikoli's,Crystal Ball,LK,Golden Lily's Wild Dream,PK,Nikoli's Irish Gold
PK,Nikoli's,Dolce Vita,PK,Svian's Tejon,PK,Nikoli's Wild Inside
PK,Nikoli's,Dream Lover,PK,Svian's Tejon,PK,Nikoli's Wild Inside
PK,Nikoli's,Dream of Gold,PK,Quimichin Licorice Lex,PK,Nikoli's Wild Inside
PK,Nikoli's,Forbidden Fruit,LK,Nikoli's Let's Party,PK,Duppy Forever Yours
PK,Nikoli's,Forever Young,PK,Nikoli's Always Forever,PK,Golden Lily's Divine'N'Young
PK,Nikoli's,Fortune Cookie,LK,Nikoli's Let's Party,PK,Duppy Forever Yours
PK,Nikoli's,Gala Queen,PK,Svian's Don Leonardo,PK,Nikoli's Viva La Diva
PK,Nikoli's,Irish Gold,LK,Nikoli's Let's Party,PK,Nikoli's Vitalita
PK,Nikoli's,Irish Wonder,LK,Nikoli's Let's Party,PK,Nikoli's Vitalita
PK,Nikoli's,Jack Of Hearts,LK,Copymear Kane At Keenaughts,LK,Janka Vom Kumma Schlössle
PK,Nikoli's,Just Like Dream,PK,Nikoli's Sanssouci,LK,Acidos Golden Gabriela
PK,Nikoli's,Limited Edition,PK,Bramerita Gin and Tonic,PK,Duppy Forever Yours
PK,Nikoli's,Little Bit Of Luxury,LK,Keenaughts Toe Tap N Travis,LK,Nikoli's Leading Lady
PK,Nikoli's,Lucky Leader,LK,Keenaughts Toe Tap N Travis,LK,Nikoli's Leading Lady
PK,Nikoli's,Partycrasher,LK,Nikoli's Let's Party,PK,Nikoli's Dolce Vita
PK,Nikoli's,Show Me Heaven,PK,Nikoli's Sanssouci,PK,Nikoli's Viva La Diva
PK,Nikoli's,Taora,PK,Misty Meadow's Bart Simpson,PK,Nikoli's Pirouette
PK,Nikoli's,What A Goal,PK,Nikoli's Always Forever,PK,Nikoli's Whisper In Dark
PK,Nikoli's,Whisper In Dark,LK,Murmur Bertie Wooster,PK,Nikoli's Wild at Heart
PK,Nikoli's,Whispers About You,LK,Copymear Kane At Keenaughts,PK,Nikoli's Whisper In Dark
PK,Nikoli's,White Cloud,PK,Hurd's Red Cloud 'n' Smoke,PK,Nikoli's Viva La Diva
PK,Nikoli's,White Gold,PK,Nikoli's Always Forever,PK,Nikoli's Whisper In Dark
PK,Nikoli's,Wild Game,PK,Bramerita Gin and Tonic,PK,Nikoli's Wild at Heart
PK,Nikoli's,Wish Me Luck,LK,Nikoli's Whisper A Wish,PK,Nikoli's Fortune Cookie
PK,Nikoli's,Viv Vixen,LK,Golden Lily's Young Rebel,PK,Nikoli's Dolce Vita
PK,Nikoli's,Zigzag,LK,Copymear Kane At Keenaughts,PK,Nikoli's Show Me Heaven
PK,Nordic Flaminstar,Angel Eyes,PK,Chibabes Chistoso Top Dog,LK,Redsun
PK,Nordic Flaminstar,Black Lady,LK,Mickeymouse,PK,Nordic Flaminstar Born Tobe Astar
PK,Nordic Flaminstar,Magic Show,LK,Pähkinän Texas Hero,PK,Nordic Flaminstar Born Tobe Astar
PK,Nordic Flaminstar,Philip,LK,Pähkinän Texas Hero,PK,Nordic Flaminstar Born Tobe Astar
PK,Nordic Flaminstar,Xara,PK,Nordic Flaminstar Black Star,LK,Onlypepper
PK,Odetta,Olly Orsy Santafe Star,n/a,n/a,n/a,n/a
PK,Ohlala,Crazy For You,PK,Bramver's Budweiser  ,PK,Ohlala Devine Size
PK,Oneway's,Party Player,n/a,n/a,n/a,n/a
PK,Orys,Bly Itzcali,PK,Bugivugis Atlantic Storm Alberto,PK,Zemfira Malenkaja Zorachka
PK,Otremba's,Charlie Brown,PK,Jazzmann,LK,Ba-ahle
PK,Paw's Mystery,Duke Dante,PK,Tuhkimon Duudson,LK,Magic Minidog Chocolate Dream
PK,Paw's Mystery,Lucky Devil,LK,Pähkinän Salvador Dali,LK,Paw's Mystery Littlemagicbell
PK,Paw's Mystery,Midana Nut,LK,Tuhkimon Cappucino,PK,Magic Minidog Love Me Tender
PK,Philfort,Figaro Fan,n/a,n/a,n/a,n/a
PK,Philfort,Harlei Helios,LK,Pähkinän Benita's King,LK,Heliose Solar Cheerful Band
PK,Philfort,Neo Ed Hardy,n/a,n/a,n/a,n/a
PK,Picasso's,Viva Las Vegas,PK,Mina's-Picasso Designer Genes,PK,Burgundy Lil Gypsy Moth
PK,Piccolinin,Captain Hastings,PK,Namkliv Party Time,PK,Piccolinin Contessa Elisa
PK,Piccolinin,Contessa Elisa,PK,Namkliv Mr Snow Flake,PK,Chicarillos Damitra
PK,Piccolinin,Kenzo,PK,Namkliv Piccolo,PK,Chicarillos Damitra
PK,Piccolinin,Namu,PK,Namkliv Piccolo,PK,Chicarillos Damitra
PK,Piccolinin,Rafu,PK,Namkliv Piccolo,PK,Chicarillos Damitra
PK,Pink Candy,Snow Boy,n/a,n/a,n/a,n/a
PK,Pink Candy,Sun Zhy-Zhy,n/a,n/a,n/a,n/a
PK,Playaroca,Marilyn Monroe,PK,Misty Meadow's Tiziano,PK,Snowsett Chiquitita
PK,Pochito's,Gisela,PK,Rozovy Agat Ain Cappucino Melange,PK,Pochito's Helmi
PK,Pähkinän,Amour de Chiens,PK,Chistoso Fanfaari,LK,Sanflai Matilda
PK,Pähkinän,Cher Sultan,PK,Pähkinän Sultan de Reves,LK,Pähkinän Cherie
PK,Pähkinän,Daniel Amore,PK,Pähkinän Parfait Amour,PK,Shah Arpilin Monika
PK,Pähkinän,Dansingdynamite,LK,Pähkinän Dynamite,LK,Pähkinän Danseuse
PK,Pähkinän,Frosty Pirate,PK,Shear's Count Chocula,LK,Sanflai Matilda
PK,Pähkinän,J'Suis Blanche,PK,Morrilyn Jack Frost,LK,Alhaja Ma Petite Fleur
PK,Pähkinän,King Merlin,PK,Pähkinän Xenon,LK,Pähkinän Merlinda Arnica
PK,Pähkinän,Midas Touch,PK,Mar-Rich's All My X's-L,LK,Pähkinän Poison
PK,Pähkinän,Mirage,PK,Pähkinän Iso-D,LK,Pähkinän Texas Myth
PK,Pähkinän,Mister-X,PK,Chibabes Chistoso Top Dog,PK,Massar Bless My Soul for Pahkina
PK,Pähkinän,Ms Helene,PK,Namkliv Mr Snow Flake,PK,Pähkinän Helene
PK,Pähkinän,Myrtille Arnica,LK,Murmur Pähkinän Jeeves,PK,Pähkinän Nathalie
PK,Pähkinän,Nuit Doree,PK,Ykkösturva Ihana Iiro,LK,Pähkinän Dorage Du Reve
PK,Pähkinän,Premier Merlot,PK,Pähkinän Xenon,LK,Pähkinän Honey Merle
PK,Pähkinän,Qu'Elle E'Belle,LK,Sventra Ringo Strarr,LK,Pähkinän Vanille
PK,Pähkinän,Rhododendron,PK,Kolumbus Viikinki,PK,Pähkinän Orchidee
PK,Pähkinän,Roi De La Nuit,PK,Pähkinän Nuit Doree,PK,Pähkinän Rhododendron
PK,Pähkinän,Star Parfaite,PK,Pähkinän Parfait Amour,LK,Pähkinän Stellaire
PK,Pähkinän,Sultan de Reves,PK,Rozovy Agat Ain Cappucino Melange,LK,Pähkinän J'Suis Revenu
PK,Pähkinän,Texas Armycorps,PK,Mar-Rich's All My X's-L,LK,Pähkinän Armi-A
PK,Pähkinän,Tiz-Liz,PK,Misty Meadow's Tiziano,PK,Pähkinän Dancingdynamite
PK,Pähkinän,Tricky-X,PK,Pähkinän Xenon,PK,Pähkinän Trick or Treat
PK,Pähkinän,Tuhkimus,PK,Pähkinän Texas Armycorps,LK,Pähkinän Heloise
PK,Pähkinän,Zathenas Sheena,LK,Pähkinän Texas Hero,LK,Pähkinän Pikku Tiikeri
PK,Qiamor,Athena Promachos,PK,Ilanc Ilanc,PK,Mocca Mix Jane
PK,Quimichin,Anastasia,LK,Quimichin Bulldozer,LK,Pähkinän Quimichin
PK,Quimichin,Charm Of Love,LK,Golden Lily's Young Rebel,LK,Quimichin Charm Of Luck
PK,Quimichin,Desert Ice,PK,Tanya's Sharp Dressed Man,PK,Pähkinän Myrtille Arnica
PK,Quimichin,Desert Star,PK,Nikoli's Lucky Leader,LK,Quimichin Desert Charm
PK,Quimichin,Ella Enchanted,LK,Zucchero Di San Gimignano,LK,Quimichin Desert Charm
PK,Quimichin,Good Luck Charm,LK,Copymear Kane At Keenaughts,LK,Quimichin Charm Of Luck
PK,Quimichin,Licorice Lex,PK,Mar-Rich's All My X's-L,LK,Arnica Montana Aurea Zizia
PK,Quimichin,Mary Celeste,LK,Golden Lily's Young Rebel,PK,Murmur Celeste
PK,Quimichin,Nancy Drew,LK,Misty Meadow's Moodyblues,PK,Inkiväärin Teloo Woleeta
PK,Quimichin,Pollyanna,LK,Zucchero Di San Gimignano,LK,Quimichin Desert Charm
PK,Quimichin,Royal Andrew,PK,Earl Adorable Puppy,PK,Murmur Celeste
PK,Quimichin,Space Sugar,PK,Nikoli's Lucky Leader,PK,Quimichin Charm Of Love
PK,Quimichin,Stuart Little,LK,Zucchero Di San Gimignano,LK,Quimichin Desert Charm
PK,Quimichin,Valentina,PK,Nikoli's Lucky Leader,PK,Quimichin Anastasia
PK,Redenstamm,Black Diamond,LK,Crawford Jerome,PK,Helmiäisen Cha Cha Queen
PK,Redenstamm,Golden Peak,PK,Helmiäisen Artemis,PK,Rosalago MM's Quirina
PK,Redenstamm,Miss Tancherry,LK,Magic Minidog He's A Keeper,PK,Redenstamm Savannah
PK,Redenstamm,Rigoletto,LK,Crawford Jerome,LK,Redenstamm Operaqueen
PK,Redenstamm,Sahara,LK,Crawford Jerome,LK,Quimichin Akasia
PK,Redenstamm,Viennetta,PK,Namkliv Follow The Music,PK,Helmiäisen Cha Cha Queen
PK,Redrowan Lodge,Chirping Sparrow,PK,Crawford Devil's Dance,PK,Blue Foxfarm's Caramel
PK,Redrowan Lodge,Embroidered Echo,PK,Amarantos Ryker,PK,Redrowan Lodge Attraction
PK,Redrowan Lodge,Groomed From Birth,PK,Coltham Karaoke Kid,PK,Blue Foxfarm's Caramel
PK,Redrowan Lodge,Ikaros,PK,Coltham Karaoke Kid,PK,Redrowan Lodge Embroidered Echo
PK,Redrowan Lodge,Isis,PK,Coltham Karaoke Kid,PK,Redrowan Lodge Embroidered Echo
PK,Regina Colibri,Siempre El Primero,PK,Dazzles Walter The Wonder,PK,Salidakolibri
PK,Roadman's,Imagination,LK,Crawford Dressed Toparty,PK,Zzman's Too Fast For U
PK,Roadman's,Imperial,LK,Crawford Dressed Toparty,PK,Zzman's Too Fast For U
PK,Roadman's,Rio Bravo,LK,Zzman's Laser Flame,PK,Roadman's Imperial
PK,Rosackis,He Is The Man,n/a,n/a,n/a,n/a
PK,Rosalago,MM's Kolibri,PK,Misty Meadow's Heavenlytouch,PK,Pähkinän MM's Heroine
PK,Rosalago,MM's Queenie,PK,Misty Meadow's Tiziano,LK,Misty Meadow's Rocksinger-PC
PK,Rosalago,MM's Quirina,PK,Misty Meadow's Tiziano,LK,Misty Meadow's Rocksinger-PC
PK,Rosalago,MM's Zanzara,PK,Helmiäisen Royal Ambassador,LK,Misty Meadow's Rocksinger-PC
PK,Rosalago,MM's Zarina,PK,Helmiäisen Royal Ambassador,LK,Misty Meadow's Rocksinger-PC
PK,Rosalago,MM's Zucchero,PK,Helmiäisen Royal Ambassador,LK,Misty Meadow's Rocksinger-PC
PK,Rossovan,Escada,PK,Namkliv Party Time,LK,Rossovan Blondie
PK,Saagan,Chili Pepper Man,PK,Coltham Karaoke Kid,PK,Crawford Je Zebel
PK,Saiyai's,Thai Little Florist Malee,PK,Fandango Wheel of Fortune,PK,Jimlim of Saiyai Doghome
PK,Saiyai's,Thai Morning Coffee,n/a,n/a,n/a,n/a
PK,Saiyai's,What's Up,LK,Lamars Riverdane,LK,Lamars New Year Eve
PK,Sallerim,Attorney's Dream,LK,Rosalago MM's Ronaldinho,LK,Miniheart's Adesina
PK,Sashimi,Princess Leia,PK,Taimittaren Born To Be Strong,PK,Snowsett Sashimi
PK,Scarlet Lily,Just My Size,n/a,n/a,n/a,n/a
PK,Shah Arpilin,Ariel,PK,Shah Arpilin Kviksel,PK,Shah Arpilin Tiffani
PK,Shah Arpilin,Bak Bani,LK,Azrael Des Pyramides De Chocula,PK,Shah Arpilin Kitte
PK,Shah Arpilin,Emma Nuelle,n/a,n/a,n/a,n/a
PK,Shah Arpilin,Eva Rus,PK,Chimane's Pähkinän Eeyore,PK,Shah Arpilin Natalie
PK,Shah Arpilin,Hilton,n/a,n/a,n/a,n/a
PK,Shah Arpilin,Karambolina,LK,Misty Meadow's Fantasma,PK,Shah Arpilin Lorel
PK,Shah Arpilin,Kviksel,n/a,n/a,n/a,n/a
PK,Shah Arpilin,Pixel,PK,Pähkinän King Merlin,LK,Shah Arpilin Storm Klaudlet
PK,Shah Arpilin,Severen,n/a,n/a,n/a,n/a
PK,Shah Arpilin,Sixty Sixty,n/a,n/a,n/a,n/a
PK,Shah Arpilin,Tobinambur,n/a,n/a,n/a,n/a
PK,Shah Arpilin,Wolfgang II,LK,Shah Arpilin Dj Lubomir,PK,Dzhein
PK,Shah Arpilin,Yuma Yuna Gamayun,n/a,n/a,n/a,n/a
PK,Shah Arpilin,Zemfira Zhizel,n/a,n/a,n/a,n/a
PK,Shamaanin,Hikaru,LK,Yellowsurprise Di Rio Galeria,PK,Shamaanin Shanghai Lily
PK,Shamaanin,Saaga,PK,Rigoletto Di Rio Galeria,PK,Shamaanin Yellow Imperial
PK,Shamaanin,Sigur,PK,Rigoletto Di Rio Galeria,PK,Shamaanin Yellow Imperial
PK,Shamaanin,Yellow Imperial,LK,Yellowsurprise Di Rio Galeria,PK,Shamaanin Shanghai Lily
PK,Shanana's,Houligan,LK,Shanana's Eddy M  ,LK,Misty Meadow's Redsun
PK,Shanana's,Orange Coco,PK,Massar Le Roi Le Coeur De Chokolat ,LK,Shanana's Gorgeous Girl
PK,Shapiro's,Muchos Colores,LK,Suvikasteen Handsomeboy,LK,Shapiro's Flauta Magica
PK,Shapiro's,Nena Regina,LK,Pähkinän Choco Top Dog,PK,Shapiro's Embarrado Chica
PK,Shapiro's,Ramiro,PK,Pähkinän Texas Armycorps,LK,Shah Arpilin Suzi
PK,Shapiro's,Xanthina Nena,PK,Shah Arpilin Topinambur,LK,Shah Arpilin Shagane
PK,Shine On Sweet,Child O'Mine,n/a,n/a,n/a,n/a
PK,Sippelins,Past Memoryes,PK,Shears Toybox Truckin Buddy,PK,Lazy Daze From Sippelins
PK,Siruliinun,Bakers Favourite,LK,Misty Meadow's Tom Terrific,LK,Siruliinun Pure Beauty
PK,Siruliinun,Caramel,PK,Bramver's Imagination,LK,Siruliinun Charlotte
PK,Siruliinun,Could I Be More Cute,PK,Orys Bly Itzcali,LK,Siruliinun Jungle Girl
PK,Siruliinun,Hilda,LK,Nikoli's Let's Party,PK,Duppy Dream of Love
PK,Siruliinun,Jackie Chan,PK,Bramver's Imagination,LK,Siruliinun Charlotte
PK,Siruliinun,Julia,LK,Murmur Bertie Wooster,PK,Duppy Dream of Love
PK,Siruliinun,Rosanna,LK,Sweet Indeed Trevor,LK,Siruliinun Helmi
PK,Siruliinun,Wilhelmiina,PK,Nikoli's Wild Game,PK,Duppy Dream of Love
PK,Siruliinun,Willbert,PK,Nikoli's Wild Game,PK,Duppy Dream of Love
PK,Sizzler's,First Edition,LK,Golden Lily's Hot'N'Spicy,PK,Acidos Victoria Queen
PK,Small Is Beautiful's,Elegi,LK,Chipau Sir Simon,PK,Tickawis Secret Love
PK,Small Is Beautiful's,Lazy Day,PK,Ashaka Boss In Motion,PK,Lazy Daze Joyful Janna
PK,Small Is Beautiful's,Me Myself N I,LK,Chipau Sir Simon,PK,Tickawis Secret Love
PK,Small Is Beautiful's,Mr Muggles,n/a,n/a,n/a,n/a
PK,Snowsett,Chiquitita,PK,Misty Meadow's Nameofthegame,PK,Sweet Indeed Nevercrywolf
PK,Snowsett,I Do-I Do-I Do,PK,Sweet Indeed Nevercrywolf,PK,Misty Meadow's Nameofthegame
PK,Snowsett,Sashimi,LK,Natimuk Ecco,LK,Yanger Esterra
PK,Speis Invejders,Thsanina Helena's,n/a,n/a,n/a,n/a
PK,Speis Invejders,Yakudza Helena's Band,n/a,n/a,n/a,n/a
PK,Spunky's,Kertrud,LK,Misty Meadow's Moodyblues,LK,Suvikasteen Inka
PK,Starship's,Dominca,LK,Rossovan Emporio,PK,Starship's Ciselda
PK,Starship's,Zirou,PK,Tuhkimon Pikku Lore,PK,Starship's Carmenchita
PK,Superlicious,From The Heart,n/a,n/a,n/a,n/a
PK,Supersix,Roxy,LK,Misty Meadow's Dirtydancing,LK,Helmiäisen Cruella De Vil
PK,Suvikasteen,Banjo,PK,Baronerosso di Rio Galeria,PK,Suvikasteen Caroline
PK,Suvikasteen,Jalopeno,LK,Nikoli's Coco Jamboo,LK,Suvikasteen Pippuri
PK,Suvikasteen,Jamie,LK,Suvikasteen Safiiri,PK,Suvikasteen Panda
PK,Suvikasteen,Janina,LK,Suvikasteen Safiiri,PK,Suvikasteen Panda
PK,Suvikasteen,Jonatan,PK,Misty Meadow's Bart Simpson,PK,Suvikasteen Mesimarja
PK,Suvikasteen,Lisa,LK,Suvikasteen Handsomeboy,LK,Shah Mehiko Laif Kapelka
PK,Suvikasteen,Thor,LK,Allan,PK,Suvikasteen Matahari
PK,Sweet Indeed,Nevercrywolf,n/a,n/a,n/a,n/a
PK,Sweet Indeed,Nowornever,n/a,n/a,n/a,n/a
PK,Sweet Indeed,Spicy Dancer,n/a,n/a,n/a,n/a
PK,Sweet Paola's,Diesel Power,PK,Tuhkimon Toy Boy,LK,Tuhkimon Paola
PK,Sweet Paola's,Like It Blue,PK,Namkliv Party Time,PK,Crawford Miss Moneypenny
PK,Sweet Senorita's,Lucio,PK,Tuhkimon Just A Gigolo,PK,Sweet Senorita's Emilia
PK,Sweetfan's,First Lady,PK,Kaunosilmän Gilbert,PK,Sweetheart
PK,Svit Harmful,Kebbi,LK,Bai Kuin Sugar Boy,LK,Svit Harmful Yuta
PK,Taimittaren,Born To Be Strong,LK,Crawford Jerome,LK,Rossovan Blondie
PK,Tancherry,Black Blossom,LK,Chistoso All Right,LK,Quimichin Blossom Rose
PK,Tancherry,Cazzandra,LK,Zucchero Di San Gimignano,PK,Lähderasan Merituuli
PK,Tancherry,Laa-Laa,PK,Nenioklem,LK,Björnstigen's Gorgeous Brindle Girl
PK,Tancherry,Love Of World,PK,Zzman's Mister World,PK,Honey-Pots Tutti-Frutti
PK,Tancherry,Maximinus Thrax,LK,Copymear Red Card,LK,Chistoso Pride And Joy
PK,Tancherry,Renato Balestra,LK,Zucchero Di San Gimignano,PK,Tancherry Bumble Bee
PK,Tancherry,Seventh Heaven,LK,Misty Meadow's Tom Terrific,LK,Tancherry Salma Hayek
PK,Tancherry,Wild Flame,PK,Tancherry Maximinus Thrax,PK,Guichon's Wild Rose
PK,Tancherry,Voice Of Love,PK,Zzman's Mister World,PK,Honey-Pots Tutti-Frutti
PK,Tanya's,Lil Curmudgeon,PK,Tanya's Neologian,PK,DDK's Lady In Red
PK,Tanya's,Sharp Dressed Man,PK,Tanya's Napoleon Rendezvous,PK,Tanya's Chantel Moet
PK,Taruttaren,Bella Madonna,PK,Pähkinän Amour de Chiens,PK,Christalyx Fairlight
PK,Taruttaren,Dream Girl,PK,Tuhkimon Toy Boy,PK,Taruttaren Bella Madonna
PK,Taruttaren,Sweet Perfection,LK,Sweet Indeed Blackberry,LK,Taruttaren Kreivitär De La Fere
PK,Team Airborn's,Dream Come True,n/a,n/a,n/a,n/a
PK,Tekiche Maja,Gorislava,PK,Tekiche Maja Lancelot,PK,Senat Kurazh Afera
PK,Tekiche Maja,Zhenevieva II,PK,Rinta De L'Hacienda Bigourdane,PK,Tekiche Maja Yukonta
PK,That's Amore,In Maui,n/a,n/a,n/a,n/a
PK,That's Amore,Joe Di Maggio Innamorato,n/a,n/a,n/a,n/a
PK,The Small One's,Bright Crystal,n/a,n/a,n/a,n/a
PK,Thelminas,Bling Bling,n/a,n/a,n/a,n/a
PK,Tickawis,Christmas Joy,PK,Bramver's Budweiser,PK,Tickawis Mexican Girl  
PK,Tickawis,Secret Love,PK,Ashaka Trendy Man,PK,Tickawis Tingeling
PK,Tigerliljas,Light Breeze Blowing,n/a,n/a,n/a,n/a
PK,Tigerliljas,Northern Light,PK,Novatrix Whisper Of The Wind ,PK,Brända Bergets X'clusive
PK,Tigerliljas,Pay Attention,n/a,n/a,n/a,n/a
PK,Tigerliljas,Thunder And Lightning,PK,Novatrix Whisper Of The Wind ,PK,Brända Bergets X'clusive
PK,Tiny Honey's,Bon Jovi,PK,Pähkinän Sultan de Reves,PK,Pähkinän Tinyhoneys Mimi
PK,Tiny Honey's,Britney Spears,PK,Pähkinän Sultan de Reves,PK,Pähkinän Tinyhoneys Mimi
PK,Tiny Honey's,Paris Hilton,PK,Misty Meadow's Fredflintstone,PK,Chimane's Noche De Amor
PK,Tiny Honey's,Xena Spears,PK,Pähkinän Xenon,PK,Tiny Honey's Britney Spears
PK,Tiny Tulips,Crown Me Already,n/a,n/a,n/a,n/a
PK,Tiny-Doll's,Vernando,LK,El Duende Gavilan,LK,Tiny-Doll's Victoria
PK,Tinytails,Bellatrix,PK,Pähkinän Iso-D,PK,Zzman's Penguin
PK,Tornitien,Auringonkukka,PK,Tornitien Röhky,PK,De Gozette Wild Girl
PK,Tornitien,Jack Sparrow,PK,Tornitien Röhky,PK,Tornitien Monsteriina
PK,Tornitien,Röhky,PK,Crawford Force Majeure,PK,Shah Arpilin Sixty Sixty
PK,Traid Sikret,Prince Choki,n/a,n/a,n/a,n/a
PK,Troubadour's,Aloha,PK,Siruliinun Willbert,PK,De Gozette Weeny
PK,Troubadour's,Ottoman,LK,De Gozette Qupla,PK,Troubadour's Julia
PK,Truffle Dei,Iz Korolevstva Gnomow,n/a,n/a,n/a,n/a
PK,Tuhkimon,Dali,PK,Amarantos Ryker,LK,Tuhkimon Levoton Tuhkimo
PK,Tuhkimon,Duudson,LK,Tickawis Dance Tonight,PK,Tuhkimon Kikka
PK,Tuhkimon,Helmi,PK,Crawford Devil's Dance,PK,Tuhkimon Dali
PK,Tuhkimon,Lady Serenade,PK,Starship's Carlos,PK,Tuhkimon Jade
PK,Tuhkimon,Onnen Käpy,LK,Suvikasteen Rockabill Doni,LK,Tuhkimon Jasminelli
PK,Tuhkimon,Pikku Lore,LK,Tuhkimon Pennitönuneksia,LK,Tuhkimon Levoton Tuhkimo
PK,Tuhkimon,Sabrina,LK,Suvikasteen Caballero,PK,Suvikasteen Brio
PK,Tuhkimon,Salvador,PK,Amarantos Ryker,LK,Tuhkimon Levoton Tuhkimo
PK,Twilight Sound,Jazzy Jaguar,LK,Nikoli's Let's Party,LK,Nikoli's Culotar
PK,Tähtitaian,Jalometalli,PK,Saagan Chili Pepper Man,PK,Tähtitaian Melina
PK,Wee Fellow's,Fearless Miles,PK,To-Make-Red-Hot De Arlejo,PK,Nikoli's Secret Kiss
PK,Wee Fellow's,Right On Time,PK,Nikoli's Wild Game,PK,Nikoli's Secret Kiss
PK,Villivadelman,Oceanspray,PK,Chistoso Upper Crust,PK,Tiny Honey's Rasberry Love
PK,Villivadelman,You Love Us,PK,Tanya's Lil Curmudgeon,PK,Quimichin Desert Star
PK,Vi'Waun,Amaleo,PK,Don El Matador Dell'Aculelo,LK,Vi'Waun Tiivi
PK,Vi'Waun,Sweet Star Dust,PK,Siruliinun Willbert,PK,Vi'Waun Vallaton-Vella
PK,Vi'Waun,Vallaton-Vella,LK,De Gozette Nasta,PK,De Gozette Vip
PK,Vi'Waun,Wildly Wanika,PK,Don El Matador Dell'Aculelo,PK,De Gozette Vip
PK,Vi'Waun,Wildly Windy,PK,Don El Matador Dell'Aculelo,PK,De Gozette Vip
PK,Vi'Waun,Violene,PK,Muscat Dendis Aukso Uoga,PK,De Gozette Vip
PK,Vähäsen,Nestori,PK,Suvikasteen Thor,PK,Suvikasteen Rosita
PK,Xciting,Crash Boom Bang,n/a,n/a,n/a,n/a
PK,Xciting,Energizer Bunny,n/a,n/a,n/a,n/a
PK,Xciting,Miss Dinah Might,n/a,n/a,n/a,n/a
PK,Xciting,Tick Tick Boom,PK,Chico Querida's Tuxedo Royale  ,PK,Xciting Miss Dinah Might 
PK,Xeliantos Little,Honey,PK,Tanya's Lil Curmudgeon,PK,Xeliantos Iz Korolevstva Gnomov
PK,Yanko,Choco Pay,LK,Jocker Iz Korozleva Gnomow,LK,Valensia Dolcevita
PK,Ykkösturva,Hertta,PK,Pähkinän Parfait Amour,PK,Ykkösturva Ninni
PK,Ykkösturva,Vallaton Wilma,LK,Tuhkimon Pennitönuneksia,PK,Ykkösturva Kaunis Kerttu
PK,Yorone,Boys And Their Toys,PK,Copymear Conner,PK,Cholas Morgan Et Moi Carita
PK,Yorone,Call The Shots,PK,Yorone Read My Lips,n/a,Yorone Let's Get Busy
PK,z Kmochova Zatisi,Ulia,n/a,n/a,n/a,n/a
PK,Zaron Tale's,Ivorylady,PK,Shah Arpilin Topinambur,LK,Shamaanin Amoroussurprise
PK,Zathenas,Night Passion,n/a,n/a,n/a,n/a
PK,Zhasmina,Lady Romance,PK,Christalyx James Dean,PK,Shanimal Flora
PK,Ziraline's,Golden Time,PK,Namkliv Party Time,PK,Ladygoldensun
PK,Ziraline's,Lady From Heaven,LK,Spicy Angel Maximum Power,PK,Ziraline's Mystic Lady
PK,Ziraline's,Lady Star,LK,Misty Meadow's Charlie Brown,PK,Ziraline's Mystic Lady
PK,Ziraline's,Lady's Miracle,PK,Pähkinän Sultan de Reves,PK,Ladygoldensun
PK,Ziraline's,Magic Fantasy,PK,Redenstamm Black Diamond,PK,Ziraline's Magic Queen
PK,Ziraline's,Magic Lady,PK,Pähkinän Sultan de Reves,PK,Ladygoldensun
PK,Ziraline's,Mystic Lady,PK,Pähkinän Sultan de Reves,PK,Ladygoldensun
PK,Ziraline's,Super Star,PK,Inkiväärin Edaabete,PK,Ziraline's Mystic Lady
PK,Zzman's,Black Velvet,PK,Zzman's Dancing Diamond,PK,Bramerita Golden Wishes
PK,Zzman's,Bruce Willis,PK,Misty Meadow's Flashlight,PK,Zzman's Lucy Dancer
PK,Zzman's,Dancing Diamond,PK,Zzman's Licenceto Dance,PK,Zzman's Dazzlingdiamond
PK,Zzman's,Dazzling Diamond,LK,Calypso aux Minis Peluches,PK,Christalyx Black Diamond
PK,Zzman's,Lucy Dancer,LK,Misty Meadow's Dressedtodance,PK,Misty Meadow's Lucille Ball
PK,Zzman's,Lucy Liu,PK,Misty Meadow's Flashlight,PK,Zzman's Lucy Dancer
PK,Zzman's,Mastermind,LK,Zzman's Show Master,PK,Zzman's Lucy Dancer
PK,Zzman's,Mister World,PK,Bramver's Imagination,LK,Zzman's Miss World
PK,Zzman's,Rita Hayworth,PK,Namkliv Party Time,PK,Bramerita Golden Wishes
PK,Zzman's,Riviera,PK,Zzman's Zecchino,PK,Nikoli's Sweet Touch
PK,Zzman's,Too Fast For U,PK,Misty Meadow's Flashlight,LK,Zzman's My Red Corvette
PK,Zzman's,Whispering Wind,LK,Arzillo Victor,LK,Zzman's My Valentine
PK,Zzman's,White Jazzgirl,PK,Misty Meadow's Jazzman,PK,De Gozette Loula
PK,Ängla Vakt,Fathima,LK,Nikoli's Coco Jamboo,PK,Beautyqueen
PK,,Ajattopan,LK,Zucchero Di San Gimignano,LK,Ajatsaval
PK,,Ajuttuum,PK,Nikoli's Wild Game,PK,Aknitak
PK,,Aknitak,LK,Nikoli's Let's Party,PK,Nikoli's Justa Ladynelly
PK,,Anfisa,PK,Ibris,PK,Fleich
PK,,Armand,PK,Whiteblackhero,PK,Murmur Nami Nami
PK,,Avec,LK,Suvikasteen Skipi,PK,Suvikasteen Tara
PK,,Avusaizandra,PK,Mustan Ruhtinaan Sylvester,PK,Maxinallen Duble Dansör
PK,,Bestlowrider,PK,Tuhkimon Toy Boy,LK,Nikoli's Natural Party
PK,,Blossom,PK,Nikoli's Lucky Leader,PK,Salli
PK,,Bonus,PK,Est Dream Elmore Rolando,PK,Suvikasteen Kismet
PK,,Bricit,PK,Pähkinän Heros,PK,Pähkinän J'Suis Blanche
PK,,Bruno,PK,Tornitien Röhky,LK,Miisa
PK,,Ciarah,PK,Karhunpoika,PK,Milla
PK,,Daredevil,PK,Pähkinän Nuit Doree,PK,Bricit
PK,,Fundance,PK,Crawford Devil's Dance,PK,Magic Minidog Sun'N'Fun
PK,,Helmi,LK,Pähkinän Divin Sacha,PK,Pochito's Lilian
PK,,Iratfil,LK,Golden Lily's Young Rebel,PK,Aknitak
PK,,Irevak,LK,Nikoli's Let's Party,PK,Nikoli's Justa Ladynelly
PK,,Joanna,PK,Deechi Aussie Gold,PK,Ykkösturva Heidi
PK,,Katana,PK,Shah Mehiko Laif Edvig,PK,Suvikasteen Hilla
PK,,Keijubluesky,PK,Keijupuiston Bart Bugatti,PK,Crawford Sassy Lassy
PK,,Ladygoldensun,PK,Keijupuiston Bart Bugatti,PK,Crawford Sassy Lassy
PK,,Liberty,LK,Nikoli's Coco Jamboo,PK,Suvikasteen Pamela
PK,,Lumileinikki,PK,Littlegentleman,PK,Niemikylän Bingo
PK,,Maestro,PK,Whiteblackhero,PK,Lyyli
PK,,Nenioklem,PK,Nikoli's Wild Game,LK,Irupiel
PK,,Nord Queen,n/a,n/a,n/a,n/a
PK,,Oliver,LK,Magic Minidog Choco Dream,LK,Paw's Mystery Sunshine Love
PK,,Pamfiliya,PK,Yukon,PK,Diza Fleich Lubushka Golubushka
PK,,Robin,PK,Nikoli's Spice World,PK,Dolly
PK,,Salaj,PK,Irevak,PK,Nikoli's Heaven Sent
PK,,Salli,PK,Karhunpoika,PK,Milla
PK,,Spicy,PK,Nikoli's Spice World,PK,Bella
PK,,Sunnylight,LK,Zucchero Di San Gimignano,PK,Nikoli's Energizer Bunny
PK,,Thunderhero,LK,Zucchero Di San Gimignano,PK,Nikoli's Energizer Bunny
PK,,Zavetnoe Zhelanie,n/a,n/a,n/a,n/a
LK,Acidos,Antonio Banderas,LK,Golden Lily's Hot'N'Spicy,LK,Golden Lily's Zorro's Dream
LK,Aheriikan,Dominique,LK,Tuhkimon Miguel,PK,Aheriikan Alice
LK,Alarm's,Intelligent Leonardo,n/a,n/a,n/a,n/a
LK,Allsan,Iam So Smart,n/a,n/a,n/a,n/a
LK,Almeja,Caro Zorrino,LK,Tico,PK,Tekiche Maja Valuta
LK,Amazing Dream,Bruno Banani,n/a,n/a,n/a,n/a
LK,Amazing Tails,Iron Hide,LK,Best Dressed Di San Gimignano,LK,Guichon's It's A Dream To Be Me
LK,Ammonti's,Lolita Little Doll,LK,Tottenhill's Magic Lightening,LK,Ammonti's Yrsa Wonderful Doll
LK,Anastasia Andros,Ronni Bai Kuin,LK,Veejim Calico Kid Nikitos,LK,Misty Meadow's Pretty Blue Dress
LK,Angellucks,Chocolatehearts,LK,Xciting Jeff Strikes Gold,PK,Christalyx Lucky Girl
LK,Arapahon,Kirjava Hevonen,LK,Lasgolondrinas Porthos,LK,Starship's Adeia
LK,Arapahon,Kuun Tytär,LK,Lasgolondrinas Porthos,LK,Starship's Adeia
LK,Arrendene Demon,Lover Of Mitimnu,n/a,n/a,n/a,n/a
LK,Auchila,Another Superstar,LK,Chipau Sir Simon,PK,Cingaro's M-Fiona
LK,Av Lay-la,Wriggling Imi,n/a,n/a,n/a,n/a
LK,Avangard Blues,Iz Tvoey Mechty,n/a,n/a,n/a,n/a
LK,Bai Kuin,You To Night,n/a,n/a,n/a,n/a
LK,Ballybroke,Tuffy,LK,Leander Rain Cather,LK,Ballybroke Maddy
LK,Baltik Gold,Glamour,n/a,n/a,n/a,n/a
LK,Beau Savage,Glowing Hope,LK,Shamaanin Sheikki,LK,Blue Savage Glowing Pearl
LK,Belissimo,Bravo Patriciy,LK,Bramver's Dancing Ace,LK,Anzhelina Abrikos
LK,Bemillan,Hot Gossip,LK,Misty Meadow's Dirtydancing,PK,Bemillan Empress
LK,Bemillan,Just For You,LK,Misty Meadow's Charlie Brown,PK,Bemillan Grazy For You
LK,Biscuits,Dancing Queen,LK,Namkliv Modern Dancer,PK,Bisquits Sugababe
LK,Biscuits,Master Dancer,LK,Dachida's Master Card,LK,Biscuits Dancing Queen
LK,Björnstigen's,Fire Red Princess,LK,Mini Fashion Floor It You Like It,PK,Pamfiliya
LK,Björnstigen's,Irish Coffee,PK,Massar Le Roi Le Coeur De Chokolat,LK,Wonderbits La Casita 
LK,Blaeberry,Carlos Gardel,LK,Suvikasteen Matador,LK,Blaeberry Mouthpiece
LK,Bozo Gang's,Make a Wish,LK,Tuhkimon Cappucino,PK,Malvina
LK,Bramerita,Sparkling Star,n/a,n/a,n/a,n/a
LK,Bramver's,Barbra,n/a,n/a,n/a,n/a
LK,Bramver's,Let It Be,LK,Bramver's JP Super Honey Hunt,PK,Bramver's Megami
LK,Bramver's,Love Me First,n/a,n/a,n/a,n/a
LK,Bramver's,Love Me Forever,n/a,n/a,n/a,n/a
LK,Bravo Amigo,Miracle,PK,Miknat Prinssijonathan,LK,Shah Arpilin Ziziron Ice Cream
LK,Bugatti,To Flor De Canela,n/a,n/a,n/a,n/a
LK,Calypso,Aux Minis Peluches,LK,Phantomas Des Berges de La Durance,LK,Babalou des Petits Mickeys
LK,Chanaira's,Another James Bond,n/a,n/a,n/a,n/a
LK,Chanelia,Hymne Amour,LK,Shah Arpilin Zefir Han,LK,Chanelia Cream Mocca
LK,Chiboel's,Hollywood Look Out Elvis,n/a,n/a,n/a,n/a
LK,Chico Querida's,It's Brilliant,LK,Chico Querida's King Of Bling,LK,Chico Querida's As You Like It  
LK,Chico Querida's,Piece Of Resistance,n/a,n/a,n/a,n/a
LK,Chico Querida's,Quickstep to Vegas,LK,Misty Meadow's Shallwedance,LK,Ammonti's Lolita Little Doll
LK,Chidelia,Dj Tiesto,n/a,n/a,n/a,n/a
LK,Chidelia,Fashion By Valentino,PK,Bel Ami Chis's Angelino ,LK,Misty Meadow's Light My Fire
LK,Chidelia,Kiss From A Rose,PK,Bel Ami Chis's Angelino ,LK,Misty Meadow's Envoguechanel 
LK,Chilewippen's,Tiny Tzar Boris,LK,Zzman's Testarossa ,PK,Maricia's Giggie  
LK,Chiliwawa's,Pacta Sunt Servanda,LK,Misty Meadow's Shallwedance,LK,Badabing-Baby  
LK,Chiliwawa's,You Shake My World,n/a,n/a,n/a,n/a
LK,Chimane's,Aurelia,LK,Inkiväärin Buwu Manso,LK,Murmur Celsomina
LK,Chimane's,Conte Theodoro,LK,Nikoli's Viceroy,PK,Chimane's Contessa Adele
LK,Chimane's,La Isla Bonita,PK,Ykkösturva Ihana Iiro,LK,Murmur Latest Flame
LK,Chipau,Cnas,LK,Zzman's Testarossa,n/a,n/a
LK,Chi's,Lovely Charmiana,n/a,n/a,n/a,n/a
LK,Chi's,Lovely King Duncan,n/a,n/a,n/a,n/a
LK,Chistoso,Electra,LK,Sventra Apollo,LK,Quimichin Antoinette
LK,Chistoso,Lothar,LK,Chistoso Jerry Cotton,PK,Misastan Gardenianella
LK,Chistoso,Vodka'n'Cola,LK,Pumuki de Arlejo,LK,Pähkinän Unico Chistoso
LK,Chiwaow's,Hot Red Bean,LK,Mini Fashion Hot Wheel Drive,PK,Chiwaow's Costa Vera  
LK,Chiwaow's,Hot Sensation,LK,Mini Fashion Hot Wheel Drive,PK,Chiwaow's Costa Vera  
LK,Chochoba,Eddy Forever Steady,LK,Starship's Rodrico,LK,Chochoba Buffy Clever Forever
LK,Chochoba,Faster Master,n/a,n/a,n/a,n/a
LK,Chokadei,Bear Maximus,LK,Shah Arpilin Volt,LK,Ekzotik Lain Kiss Me
LK,Chokadei,Bolero Midnight,LK,Shah Arpilin Volt,LK,Ekzotik Lain Kiss Me
LK,Christalyx,E-type,LK,Milliemore Mini Macho Man,PK,Christalyx Quite Delight
LK,Coltham,Secret Dream,LK,Coltham Microchip,LK,Coltham Truly Adored
LK,Coltham,Stormbreaker,LK,Chersya Morse To Chidino,LK,Coltham Serenity
LK,Coluboy Berill,Liti Storm,n/a,n/a,n/a,n/a
LK,Connection,Bubbles De Vere,LK,Sventra Apollo,LK,Tochka Pritjazhenija Lukretsia
LK,Connection,Goes Red Again,LK,Sventra Apollo,LK,Tochka Pritjazhenija Lukretsia
LK,Connection,Ladies First,LK,Sventra Apollo,LK,Tochka Pritjazhenija Lukretsia
LK,Connection,Meet Me In Paris,LK,Sventra Apollo,LK,Bellina
LK,Connection,Piano Man,LK,Sventra Apollo,LK,Tochka Pritjazhenija Lukretsia
LK,Connection,Rock Dancer,PK,Crawford Force Majeure,LK,Namkliv Tip Toe Dancer
LK,Copymear,Kane At Keenaughs,LK,Veejim Silver Bullet,LK,Lynfair Dance With Me at Copymear
LK,Copymear,Red Card,LK,Natimuk Aquilla,LK,Copymear Zena
LK,Crawford,Back To Party,LK,Crawford Dressed Toparty,LK,Crawford Baton Rouge
LK,Crawford,Bohemian Paola,LK,Crawford Full of Chance,LK,Crawford Betty Boop
LK,Crawford,Cocktail Party,LK,Crawford Dressed Toparty,LK,Crawford Fair Chance
LK,Crawford,Dressed To Impress,LK,Crawford Dressed Toparty,LK,Crawford Fairy Princess
LK,Crawford,Dressed Toparty,LK,Misty Meadow's Dressedtodance,PK,Crawford Sweet Dream
LK,Crawford,Fairy Princess,LK,Copymear Classic Touch,LK,Crawford Fair Chance
LK,Crawford,Finer Feelings,LK,Ballybroke Miles Lad,PK,Crawford Fortunes Choice
LK,Crawford,First Choice,LK,Ballybroke Miles Lad,PK,Crawford Fortunes Choice
LK,Crawford,Free Soul,PK,Yorone Boys And Their Toys,LK,Crawford Fairy Princess
LK,Crawford,Jerome,LK,Sventra Apollo,PK,Crawford Jive Party
LK,Crawford,Juliett,LK,Sventra Apollo,PK,Crawford Jive Party
LK,Crawford,Mirage Party,LK,Crawford Dressed Toparty,LK,Crawford Mannequin
LK,Crawford,Nightwish,LK,Copymear Classic Touch,PK,Crawford Nikita
LK,Crawford,Party Queen,LK,Crawford Dressed Toparty,LK,Crawford First Choice
LK,Crawford,Pearly Queen,LK,Sventra Apollo,LK,Crawford Party Queen
LK,Crawford,Pin Code,LK,Zzman's Laser Flame,LK,Crawford Party Queen
LK,Crawford,Pretty Birky,LK,Zzman's Laser Flame,LK,Crawford Party Queen
LK,Crawford,Pretty Charming,LK,Sventra Apollo,LK,Crawford Party Queen
LK,Crawford,Pretty Pinup,LK,Zzman's Laser Flame,LK,Crawford Party Queen
LK,Crawford,Sweet Model,LK,Sventra Apollo,LK,Crawford Sweet Suprise
LK,Crawford,Sweet Party Pie,LK,Crawford Dressed Toparty,LK,Crawford Sweet Sacherina
LK,Crawford,Sweet Partystar,LK,Crawford Dressed Toparty,LK,Crawford Sweet Sacherina
LK,Dachida's,Angel Dust,LK,Dachida's Master Angel,LK,Bodebi Betty Boo
LK,Dachida's,Bright Lass,LK,Dachida's Mister Blue,LK,Dachida's Lucky Dip
LK,Dachida's,Colour Me Blue,n/a,n/a,n/a,n/a
LK,Dachida's,Master Card,LK,Dachida's Master Angel,LK,Bodebi Betty Boo
LK,Dachida's,Paintbox,LK,Dachida's Master Angel,LK,Dachida's Go Go Angel
LK,Daliana's,Ambrosia,LK,Sweet Indeed Blackberry,LK,Shah Arpilin Liliana
LK,Dazzles,Texas Home Run Baby,n/a,n/a,n/a,n/a
LK,De Arlejo,Be The Best,LK,Congo De Arlejo ,LK,Frida De Arlejo 
LK,De Arlejo,Manolo,LK,Remy-Pc Della Dolcemela ,LK,Sisi De Arlejo  
LK,De Gozette,Leonie,LK,Nikoli's Let's Party,PK,De Gozette Wild Girl
LK,De Gozette,Miss Texmexbomb,LK,Bisquits Angelo,PK,De Gozette Tiramizu
LK,De Gozette,Nuncha,PK,Don El Matador Dell'Aculeo,LK,De Gozette Quyen
LK,De Gozette,Qupla,PK,De Gozette Uzzi,LK,Svetlana's Feishn Collection of Que
LK,De Gozette,Tischa,LK,Crawford Dressed Toparty,PK,De Gozette Ui'Tiu Tiu
LK,De Gozette,Whisking Kid,LK,De Gozette Don Pablo,PK,Texmex Minimum
LK,Delarosa's,Here Come The Sun,LK,Suvikasteen Matador,PK,Christalyx Marielle
LK,Delarosa's,Unique One,LK,Suvikasteen Caballero,PK,Christalyx Marielle
LK,Della Dolcemela,Francisco De Arlejo,n/a,n/a,n/a,n/a
LK,Della Dolcemela,Manuel,n/a,n/a,n/a,n/a
LK,Della Dolcemela,Marchino,n/a,n/a,n/a,n/a
LK,Des Patibullies,Divin Zeus,LK,Big Mack For Patibullies,LK,Cowboys And Angels Fizzychamp
LK,di Rio Galeria,Yotequiero-Pc/Bnfv,LK,South Fork's Jazz It Up,LK,Donnarosita
LK,di San Gimignano,April Love,LK,Leander Stormbreaker With Ballybroke,LK,April Duck Di San Gimignano
LK,di San Gimignano,April Rose,LK,Leander Stormbreaker With Ballybroke,LK,April Duck Di San Gimignano
LK,di San Gimignano,Saturno,LK,Pähkinän MM's Cacao DSG,LK,Halley di San Gimignano
LK,di San Gimignano,Zucchero,LK,Leander Stormbreaker With Ballybroke,LK,Mayduck Di San Gimignano
LK,Dinastia Karon,Geronimo Gnom,LK,Quimichin Bulldozer,LK,Eho Gloria Estefan
LK,Diza Fleich,Ledenets,LK,Tekiche Maja Lazurit,LK,Tekiche Maja Yunonita
LK,Dreampaws,Pop Mode,n/a,n/a,n/a,n/a
LK,Dreampaws,What's Up I'm Elwood,n/a,n/a,n/a,n/a
LK,Dreampaws,Willow Rose,n/a,n/a,n/a,n/a
LK,Duppy,Nightingale,PK,Svian's Don Leonardo,LK,De Gozette Yngve
LK,Duppy,Quick Love,LK,Misty Meadow's Tom Terrific,PK,Duppy Love Me Sweet
LK,Duppy,Quick Trick,LK,Misty Meadow's Tom Terrific,PK,Duppy Love Me Sweet
LK,Duppy,Secret Recipe,PK,Zzman's Mister World,LK,Duppy Xtravaganza
LK,Duppy,Zahara Sun,LK,Misty Meadow's Tom Terrific,LK,Duppy Xtravaganza
LK,Duppy,Zip Code,LK,Misty Meadow's Tom Terrific,LK,Duppy Xtravaganza
LK,Edenas Kids,Chevalier De Jeanette,n/a,n/a,n/a,n/a
LK,Elith,Be Luca'Licious,n/a,n/a,n/a,n/a
LK,Elluchi,Divetta,LK,Namkliv Modern Dancer,LK,Pähkinän Poison
LK,Elluchi,Piccolo Caro,LK,Hayes Lookatme of Chistoso,LK,Elluchi Biancaneve
LK,Elluchi,Prima Neve,LK,Namkliv Modern Dancer,LK,Belluchi Biancaneve
LK,Emerald,Head Over Heals,n/a,n/a,n/a,n/a
LK,Everypot's,Doris Day,LK,Tanya's Boomerang,LK,Nikoli's Magic Pearl
LK,Everypot's,Lil Lightning Dream,PK,Tanya's Lil Curmudgeon,LK,Everypot's Dream Of Magic
LK,Figaro,Fon Oskar,LK,Tiny Oskar,LK,Tiny Ilza
LK,Fistashka,Pasific Ocean,LK,Space Invaders Irman Fon Aleks,PK,Bai Kuin Rea Bambino
LK,Flor De Canelas,Amante Ruboa,n/a,n/a,n/a,n/a
LK,Flying Carpet's,Carrie Brandshaw,LK,Lasgolondrinas Porthos,LK,Suvikasteen Iina
LK,Flying Carpet's,Handsome Harry,LK,Namkliv Modern Dancer,LK,Suvikasteen Iina
LK,Flying Carpet's,Miranda Hobbes,LK,Lasgolondrinas Porthos,LK,Suvikasteen Iina
LK,Galago's,Mightyeagle,PK,Siruliinun Jackie Chan,LK,Nueva Alegria Colibri Dinastija
LK,Gibeltarik,Moses,n/a,n/a,n/a,n/a
LK,Gibeltarik,Nemo,n/a,n/a,n/a,n/a
LK,Gillycuddy,Brother Sparrow,n/a,n/a,n/a,n/a
LK,Ginkgo's,Heart Of Gold,LK,Pepino De Arlejo,PK,Kvillkärrs Busy Lizzie In White
LK,Ginkgo's,White Whisper,n/a,n/a,n/a,n/a
LK,Ginnemon,Bella Block,LK,Nikoli's Whisper A Wish,PK,Snowsett I Do-I Do-I Do
LK,Ginnemon,Ci-Ci Brown,LK,Misty Meadow's Charlie Brown,PK,Tekiche Maja Zhenevieva II
LK,Golden Lily's,Divine'N'Sweet,LK,Golden Lily's Young Rebel,PK,Golden Lily's Queen Of Love
LK,Golden Lily's,Hot'N'Spicy,PK,Bramver's Imagination,LK,Golden Lily's Divine'N'Sweet
LK,Golden Lily's,Royal Nikolis,LK,Golden Lily's Flaming Star,PK,Golden Lily's Innocent Love
LK,Golden Lily's,Wild Dream,LK,Keenaughts Toe Tap N Travis,LK,Golden Lily's Nikolis Dream
LK,Golden Lily's,Young Rebel,LK,Keenaughts Rickee Robin,LK,Golden Lily's Royal Nikolis
LK,Golden Lily's,Young Robin,LK,Keenaughts Rickee Robin,LK,Golden Lily's Royal Nikolis
LK,Golden Lily's,Young Robinette,LK,Keenaughts Rickee Robin,LK,Golden Lily's Royal Nikolis
LK,Golden Lily's,Zorro's Dream,PK,Nikoli's Wild Game,LK,Golden Lily's Royal Nikolis
LK,Golden Lily's,Zorro's Mask,PK,Nikoli's Wild Game,LK,Golden Lily's Royal Nikolis
LK,Goyaale's,Adorable Desire,LK,Lasgolondrinas Porthos,LK,Agapios Fairy
LK,Haltijapuiston,First Choice,LK,Tanya's Boomerang,PK,Murmur Pinky Piglet
LK,Haltijapuiston,Gentleman,LK,Golden Lily's Young Rebel,LK,Haltijapuiston Ainut Prinsessa
LK,Harcco's,A Kind Of Magic,LK,Divin Zeus Des Patibullies,LK,Shapiro's Rosana Almira
LK,Hayes,Lookatme of Chistoso,LK,Classic Razzle-Dazzle Merle,LK,Hayes Sweet Pea of Schroeder
LK,Helena's Band,Angel Di,n/a,n/a,n/a,n/a
LK,Helena's Band,Best Closer,n/a,n/a,n/a,n/a
LK,Helena's Band,I'm Killer Queen,n/a,n/a,n/a,n/a
LK,Helena's Band,Mu-Shu Cotton,LK,Misty Meadow's Dancetowin,n/a,Snezhnaya Orchidea
LK,Helena's Band,Still On Fire,n/a,n/a,n/a,n/a
LK,Helmikukan,Dominick,LK,Suvikasteen Rocky,PK,Tuhkimon Juulia
LK,Helmiäisen,Ariel,PK,Helmiäisen Legend Of Sun,LK,Misty Meadow's Inuyasha
LK,Helmiäisen,Choco For You,LK,Ballybroke Tuffy,LK,Helmiäisen Choco Princess
LK,Helmiäisen,Chocolate Lady,LK,Helena's Band At Choco Spirit,LK,Helmiäisen Choco Princess
LK,Helmiäisen,Coffee Break,PK,Helmiäisen Royal Ambassador,LK,Misty Meadow's Chocolate Break
LK,Helmiäisen,Cruella De Vil,PK,Misty Meadow's Fredflintstone,LK,Anita
LK,Helmiäisen,Cupido,LK,Sventra Apollo,LK,Misty Meadow's Nutella
LK,Helmiäisen,Dirty Harry,LK,Misty Meadow's Dirtydancing,LK,Pähkinän Danseuse
LK,Helmiäisen,Fructuoso Martinez,LK,Misty Meadow's Dirtydancing,PK,Helmiäisen Esmeralda
LK,Helmiäisen,Last Peace Of Cake,PK,Helmiäisen Legend Of Legends,LK,Misty Meadow's Chocolatecake
LK,Helmiäisen,Piper Halliwell,LK,Leander Strike it Lucky,PK,Tuhkimon Diiva Balleriina
LK,Helmiäisen,Serena VD Woodsen,LK,Misty Meadow's Dirtydancing,LK,Misty Meadow's Mulan
LK,Helmiäisen,Show Me The World,PK,Show Me Love Di San Gimignano,LK,Crawford Juanita
LK,Helmiäisen,Slap-Happy,PK,Namkliv Party Time,LK,Helmiäisen Aina Ilona
LK,Helmiäisen,Suklaasydän,LK,Pähkinän Helmiäinen,LK,Helmiäisen Give Me Chocolate
LK,Helmiäisen,Sundance Kid,LK,Misty Meadow's Dirtydancing,PK,Misty Meadow's Bluesun
LK,Helmiäisen,The Dangerous One,LK,Helmiäisen Dirty Harry,PK,Helmiäisen Sunny 'N' Sweet
LK,Helmiäisen,Tuff Girl,LK,Misty Meadow's Tuff Enuff,LK,Helmiäisen Fly Baby Fly
LK,Helmiäisen,Tuff Words,LK,Misty Meadow's Tuff Enuff,LK,Helmiäisen Fly Baby Fly
LK,Helmiäisen,Twilight,LK,Misty Meadow's Charlie Brown,LK,Misty Meadow's Dancing Dina
LK,Helmiäisen,Wilma Flintstone,LK,Misty Meadow's Dirtydancing,LK,Misty Meadow's Inuyasha
LK,Helmiäisen,Wolfgang A Mozart,LK,Misty Meadow's Papageno,PK,Helmiäisen Afrodite
LK,Helmiäisen,Wondergirl,PK,Show Me Love Di San Gimignano,LK,Helmiäisen Wilma Flintstone
LK,He-Man's,Kasimir,PK,He-Man's Goljat,LK,Nessi
LK,Honey Paj's,Zider Xpert Lime,n/a,n/a,n/a,n/a
LK,Hot And Spice,King Of Magic,LK,Suvikasteen Rocky,LK,Crawford Magic Miss
LK,Hristichsan,Natasha,n/a,n/a,n/a,n/a
LK,Ignatiu's,Bugaboo,PK,Misty Meadow's Tiziano,LK,Pähkinän Bon-Chi-Bon
LK,Inkiväärin,Buwu Manso,LK,Suvikasteen Rocky,PK,Karlux Mysterious Girl
LK,Inkiväärin,Dr Frank-N-Furter,PK,Inkiväärin Buba Panketo,LK,Quimichin My Lucky Charm
LK,Inkiväärin,Hamu Janwa,LK,Golden Lily's Wild Dream,PK,Inkiväärin Mansa Musu
LK,Iracema's,Santa Baby,LK,Small Is Beautiful's Dr Snuggles  ,LK,Chico Querida's As You Like It  
LK,Jackson,My Pride And Joy,n/a,n/a,n/a,n/a
LK,Jamie-Lynn's,Baby Spice,n/a,n/a,n/a,n/a
LK,Jamie-Lynn's,Gambling With Hearts,n/a,n/a,n/a,n/a
LK,Jo-Chin,Minny,PK,He-Man's Goljat,LK,Black Hope Butterfly
LK,Jo-Chin,Nessi,PK,He-Man's Fonzie,LK,Black Hope Butterfly
LK,Jonkun,Jewel Princess,LK,Crawford Dressed Toparty,LK,Namkliv Queen ofdiamond
LK,Jonkun,Kung Fu Piglet,LK,Sventra Apollo,LK,Jonkun Jewel Princess
LK,Jordbodalens,Paco,LK,Guichon's Color Me Happy  ,LK,Jordbodalens Jewel 
LK,Kallebo's,Mexican Esmeralda,n/a,Kallebo's Mini Eros,LK,Chipau Champagne
LK,Karlux,Happy Capt Nemo,LK,Little Step's Midnight Sun,LK,Nikoli's Wind of Change
LK,Keenaughts,Toe Tap N Travis,LK,Keenaughts Rickee Robin,LK,Chiquittos Dianthus at Keenaughts
LK,Keijupuiston,Amon Ra,LK,Namkliv Modern Dancer,PK,Keijupuiston Bella Bugatti
LK,Keijupuiston,Hidalgo Blues,LK,Zzman's Laser Flame,PK,Crawford Joyous Party
LK,Kimberling's,Sheila E,LK,Misty Meadow's Charlie Brown,LK,Chersya Jennifer
LK,Kingdom Dream's,Mr Dacapo,LK,Shah Arpilin Volt,PK,Orangepearl
LK,Kingdom Dream's,Neve's Harmony,LK,Svit Harmful Choco-Pie,PK,Kingdom Dream's Harmony Of Soul
LK,Koivumaanchi's,Pikku-Kukka,LK,Mistyway Follow Me,LK,Suvikasteen Tulikukka
LK,Kolumbus,Double Love,LK,Zzman's Laser Flame,PK,Picasso's Lil Rose Of Kolumbus
LK,Kospin,Giggling Girl,PK,Pähkinän Texas Armycorps,LK,Zzman's My Valentine
LK,Kospin,Gunman For Army,PK,Pähkinän Texas Armycorps,LK,Zzman's My Valentine
LK,Kospin,Just Like Mama,PK,Misty Meadow's Fredflintstone,LK,Kospin Giggling Girl
LK,Kospin,Sisu's Sunscirocco,PK,Draque Bien Cirque Du Cid,LK,Kospin Giggling Girl
LK,Kuiskaavan Koiran,MrBond,LK,Tornitien Armas Aarre,LK,Babybunny
LK,Kultakedon,Kjell-Konrad,PK,Pähkinän Sultan De Reves,LK,Svit Harmful Onerva
LK,Kuusalon,Gil Grissom,LK,Misty Meadow's Moodyblues,LK,Kuusalon Sarah Connor
LK,Kuusalon,Kroisos Pennonen,PK,Nikoli's Lucky Leader,LK,Kuusalon Päivänsäde
LK,Kuusalon,Päivänsäde,LK,Tanya's Boomerang,PK,Areatha
LK,Kuusalon,Untamo Unikameli,LK,Proud Enough,LK,Kuusalon Mansikka-Marja
LK,Lakki Kerri,Tsarina Vivien,n/a,n/a,n/a,n/a
LK,Lambrou's,Naughty by Nature,n/a,n/a,n/a,n/a
LK,Lapseekers,Mr Lovebug,n/a,n/a,n/a,n/a
LK,Lasgolondrinas,Aramis,LK,Zzman's Laser Flame,LK,Misty Meadow's Pimentapreta
LK,Lasgolondrinas,Porthos,LK,Zzman's Laser Flame,LK,Misty Meadow's Pimentapreta
LK,Lazy Daze,Bonnybell Opal,LK,Murmur Space Cowboy,PK,Bonny-Bell Vanessa
LK,Lazy Daze,Vagabond Love,LK,Chiliwawa's Do You Love Me,PK,Lazy Daze Joyful Janna
LK,Leander,Stormbreaker With Ballybrok,n/a,n/a,n/a,n/a
LK,Lesexelles,Pure Chocolate,LK,Helena's Band At Choco Spirit,LK,Lumenarmani
LK,Lilldivan's,Future Star,n/a,n/a,n/a,n/a
LK,Lilldivan's,Pretty Boy,PK,Chico Querida's Tuxedo Royale ,LK,Ginkgo's Heart Of Gold  
LK,Lily Hearts,Midlife Crisis,n/a,n/a,n/a,n/a
LK,Lionheart,Let Me Show,LK,Jordbodalens Paco ,PK,Lionheart Limited Edition  
LK,Little Tims,Jole Jumper,n/a,n/a,n/a,n/a
LK,Lähdesaran,Pennitaivaasta,LK,Tuhkimon Pennitönuneksia,PK,Lumipilvi
LK,Magic Minidog,Lovely Lolita,LK,Tuhkimon Cappucino,LK,Suvikasteen Seireeni
LK,Magic Minidog,Salvador Dream,LK,Pähkinän Salvador Dali,PK,Magic Minidog Hello Is It Me
LK,Malwonas,Stitch,n/a,n/a,n/a,n/a
LK,Marjaniemen,Dancin In Moonlight,LK,Marlisa's Dancing Away Baron,LK,Rawr's Tiger Princess
LK,Marjoy's,Amaranth,LK,Connection Piano Man,LK,Crawford Nighwish
LK,Marjoy's,Casper,PK,Tuhkimon Pikku Lore,LK,Regina Colibri Auroracolibri
LK,Marjoy's,Charmmy Kitty,PK,Namkliv Party Time,LK, Marjoy's Hello Kitty
LK,Marjoy's,Ever Dream,LK,Connection Piano Man,LK,Crawford Nighwish
LK,Marjoy's,Hot Pepper,LK,Copymear Red Card,LK,Riorittacolibri
LK,Marjoy's,Pina Co-Cha-Cha,LK,Crawford Pin Code,LK,Riorittacolibri
LK,Marjoy's,Piri Piri,LK,Spicy Angel Maximum Power,LK,Riorittacolibri
LK,Marjoy's,Wasabi,LK,Spicy Angel Maximum Power,LK,Riorittacolibri
LK,Marlisa's,Dancing Away Baron,LK,Marlisa's Athame Dancin JJ,LK,Marlisa's Dancin Hot Savanah
LK,Mellankurun,Disco-Deitti,LK,Nikoli's Let's Party,PK,Murmur Walk This Way
LK,Mellankurun,Disco-Diiva,LK,Nikoli's Let's Party,PK,Murmur Walk This Way
LK,Merkuriuksen,Auringonkukka,LK,Christalyx Big Bang,LK,Christalyx Angels Country
LK,Millbays,Pippuri,PK,Magic Show Armas Stjopa,LK,Huaca Bohemia Alke
LK,Millblow,Always In My Heart,n/a,n/a,n/a,n/a
LK,Millvills,Here I come,n/a,n/a,n/a,n/a
LK,Milone's,D'artagnan,LK,Namkliv Modern Dancer,LK,Mokkasiinin Metis
LK,Milone's,Hot Pepper,LK,Namkliv Modern Dancer,LK,Mokkasiinin Metis
LK,Milone's,Love Is To Be Loved,LK,Arrendene Demon Lover Of Mitimnu,PK,Milone's Sweetness Lady Dessa
LK,Mini Fashion,Aiming For The Stars,n/a,n/a,n/a,n/a
LK,Mini Fashion,Firefox Bonnys N Bells,n/a,n/a,n/a,n/a
LK,Mini Fashion,Floor It You Like It,LK,Mini Fashion Hot Wheel Drive  ,PK,Mini Fashion Try Me You Like It 
LK,Miniheart's,Arnaldo,LK,Starship's Rodrico,PK,Chinellyn Sweetheart
LK,Minipippurin,Adele,LK,Copymear Red Card,PK,Minimajesty Contessa
LK,Mio Majos,Bling,n/a,n/a,n/a,n/a
LK,Misastan,Fairytale,LK,Misty Meadow's Peter Piper,PK,Misastan Betty Boop
LK,Misty Meadow's,Best Of Luck,n/a,n/a,n/a,n/a
LK,Misty Meadow's,Charlie Brown,n/a,n/a,n/a,n/a
LK,Misty Meadow's,Dancetowin,n/a,n/a,n/a,n/a
LK,Misty Meadow's,Dirty Dancing,n/a,n/a,n/a,n/a
LK,Misty Meadow's,Emperor Jubilation,n/a,n/a,n/a,n/a
LK,Misty Meadow's,Envoguechannel,n/a,n/a,n/a,n/a
LK,Misty Meadow's,Firebug,LK,Ormestex Minstrel,PK,Misty Meadow's Firefly
LK,Misty Meadow's,Firediamond,n/a,n/a,n/a,n/a
LK,Misty Meadow's,Fireopal,n/a,n/a,n/a,n/a
LK,Misty Meadow's,Flymaster-PC,n/a,n/a,n/a,n/a
LK,Misty Meadow's,Hot Chocolate,LK,Misty Meadow's Stormin'Norman,LK,Misty Meadow's Marron Glace
LK,Misty Meadow's,Kingleopold,LK,Rosalago MM's Leopold,LK,Misty Meadow's Danubioblu
LK,Misty Meadow's,Light My Fire,n/a,n/a,n/a,n/a
LK,Misty Meadow's,Moodyblues,LK,Leander Strike it Lucky,LK,Misty Meadow's Singasong
LK,Misty Meadow's,Nessun Dorma,n/a,n/a,n/a,n/a
LK,Misty Meadow's,O Sole Mio,LK,Leander Stormbreaker With Ballybroke,LK,Misty Meadow's Danubioblu
LK,Misty Meadow's,Orlando Furioso,n/a,n/a,n/a,n/a
LK,Misty Meadow's,Papageno,n/a,n/a,n/a,n/a
LK,Misty Meadow's,Pink Lipstick,LK,Misty Meadow's Stormin'Norman,LK,Misty Meadow's Lipstick Jungle
LK,Misty Meadow's,Shallwedance,LK,Dachida's Dressed to Thrill,LK,Misty Meadow's Song'N'Dance
LK,Misty Meadow's,Sing for Pähkinä,n/a,n/a,n/a,n/a
LK,Misty Meadow's,Somebody To Love,n/a,n/a,n/a,n/a
LK,Misty Meadow's,Tom Terrific,LK,Leander Stormbreaker With Ballybroke,LK,Misty Meadow's Pippilongstockings
LK,Mistyway,Alejandro,LK,Mistyway Follow Me,LK,Namkliv Classic Dancer
LK,Mistyway,Believe In Me,LK,Crawford Dressed Toparty,LK,Shorepointe's Blonde Ambition
LK,Mistyway,Better Moment,LK, Crawford Dressed Toparty,LK,Shorepointe's Blonde Ambition
LK,Mistyway,Copy Me,LK,Copymear Classic Touch,LK,Copymear Rainbow
LK,Mistyway,Follow Me,LK,Sventra Ringo Starr,LK,Mistyway Copy Me
LK,Mistyway,I Got U Babe,LK,Mistyway Follow Me,LK,Mistyway Longtime No See
LK,Mistyway,Make It Happen,PK,Yorone Boys And Their Toys,LK,Mistyway I Got U Babe
LK,Mistyway,One Tuff Cookie,LK,Copymear Classic Touch,LK,Crawford Finer Feelings
LK,Mistyway,Time After Time,LK,Copymear Kane At Keenaughts,LK,Mistyway It's About Time
LK,Monkeybone,Bow Down To The King,LK,Veejim Delta Force At Taradona,LK,De Gozette Tischa
LK,Monkeybone,Yes This Is Dog,LK,Arrendene Demon Lover Of Mitimnu,LK,De Gozette Valerie
LK,Muddlehead's,Ofelia,PK,Leri Ros Hits,LK,Cerdau's Koru
LK,Murmur,Bertie Wooster,LK,Copymear Classic Touch,PK,Murmur Ally McBeal
LK,Music Velvet,Harrietofleslie,LK,Tocai-Pl Di Rio Galeria ,LK,Harmonysky  
LK,Mustan Ruhtinaan,Captain Diego,LK,Mustan Ruhtinaan Lumiprinssi,PK,Mustan Ruhtinaan Romeo's Mary Lu
LK,Muurahaismäen,Gibson,LK,Sweet Indeed Blackberry,LK,Muurahaismäen Domino
LK,Muurahaismäen,Irma,LK,Sweet Indeed Blackberry,LK,Muurahaismäen Domino
LK,Namkliv,Classic Dancer,LK,Copymear Classic Touch,LK,Namkliv Romantic Dancer
LK,Namkliv,Hot Kiss,LK,Crawford Dressed Toparty,LK,Rosalago Hot Gossip
LK,Namkliv,Mambo Queen,PK,Namkliv Party Time,LK,Namkliv Dancing Queen
LK,Namkliv,Modern Dancer,LK,Copymear Classic Touch,LK,Namkliv Romantic Dancer
LK,Namkliv,Pretty And Mine,PK,Yorone Boys And Their Toys,LK,Crawford Pretty Pinup
LK,Namkliv,Princess Party,LK,Crawford Dressed Toparty,PK,Namkliv Dancingprincess
LK,Namkliv,Princessinparty,LK,Crawford Dressed Toparty,PK,Namkliv Dancingprincess
LK,Namkliv,Private Dancer,LK,Copymear Classic Touch,LK,Namkliv Romantic Dancer
LK,Namkliv,Queen of Heart,LK,Ballybroke Miles Lad,LK,Namkliv Dancing Queen
LK,Namkliv,Queen of Night,LK,Ballybroke Miles Lad,LK,Namkliv Dancing Queen
LK,Namkliv,Queen ofdiamond,LK,Ballybroke Miles Lad,LK,Namkliv Dancing Queen
LK,Namkliv,Queen's Lover,PK,Namkliv Party Time,LK,Namkliv Dancin Queen
LK,Namkliv,Shadow Dancer,LK,Copymear Classic Touch,LK,Namkliv Romantic Dancer
LK,Namkliv,Tip Toe Dancer,LK,Copymear Classic Touch,LK,Namkliv Romantic Dancer
LK,Natimuk,Sweet Indeed,LK,Natimuk One-Eyed Jack,LK,Natimuk Frederica-Sophia
LK,Nefrosinan,Es Love Like Wind,LK,Zzman's Pure Jenkki,PK,Chistoso Whispering Wind
LK,Next Germanika,New Time,n/a,n/a,n/a,n/a
LK,Nicoret's,Jaska Jokunen,LK,Crawford Dressed Toparty,LK,Nicoret's Helinä Keiju
LK,Nicoret's,Nobel,PK,Chicomaster Electric Emil,LK,Bianca
LK,Nicoret's,Romany Violin,LK,Svit Harmful Choco-Pie,LK,Nicore't Gipsy Woman
LK,Nieninque,Big Boss,LK,Misty Meadow's Tom Terrific,LK,Nieninque Alexandra
LK,Nightwish's,Nefarian,n/a,n/a,n/a,n/a
LK,Nikoli's,All That Magic,LK,Nikoli's Let's Party,LK,Nikoli's Heaven On Earth
LK,Nikoli's,Apple Of My Eye,LK,Copymear Kane At Keenaughts,LK,Rosarito Nova Charlotte
LK,Nikoli's,Everlasting Whisper,LK,Copymear Kane At Keenaughts,PK,Nikoli's Whisper In Dark
LK,Nikoli's,Heaven on Earth,LK,Keenaughts Toe Tap N Travis,PK,Nikoli's Show Me Heaven
LK,Nikoli's,Lady By Nature,LK,Lambrou's Naughty By Nature,LK,Nikoli's Lady Is A Tramp
LK,Nikoli's,Lady Siripiri,PK,Hurd's Red Cloud 'n' Smoke,LK,Nikoli's Lady Is A Tramp
LK,Nikoli's,Leading Lady,PK,Nikoli's Sanssouci,LK,Golden Lily's Nikolis Dream
LK,Nikoli's,Legally Blonde,LK,Keenaughts Toe Tap N Travis,LK,Nikoli's Culotar
LK,Nikoli's,Let's Party,LK,Crawford Dressed Toparty,LK,Golden Lily's Nikolis Dream
LK,Nikoli's,Lively Lady,LK,Misty Meadow's Peter Pan,PK,Nikoli's Lady in Waiting
LK,Nikoli's,Magic Pearl,PK,Nikoli's Wild Game,LK,Nikoli's Pearl of Orient
LK,Nikoli's,Orient Jewel,LK,Nikoli's Lord of Hamlet,LK,Nikoli's Pearl of Orient
LK,Nikoli's,Party In Heaven,LK,Lambrou's Naughty By Nature,LK,Nikoli's Heavenly Party
LK,Nikoli's,Pearl of Orient,LK,Nikoli's Poetry inmotion,PK,Nikoli's Dolce Vita
LK,Nikoli's,Whisper a Wish,LK,Copymear Kane At Keenaughts,PK,Nikoli's Whisper In Dark
LK,Nikoli's,Wild'n'Young,LK,Golden Lily's Young Rebel,PK,Nikoli's Wild At Heart
LK,Nikoli's,Young Fellow,LK,Golden Lily's Young Rebel,PK,Nikoli's Wild At Heart
LK,Nueva Alegria,Colibri Dinastija,PK,Dazzles Walter The Wonder,LK,Rokellita Colibri Calypso
LK,Nusakan,Blue Moondancer,PK,Namkliv Party Time,LK,Namkliv Classic Dancer
LK,Nusakan,Bossa Nova,PK,Namkliv Party Time,LK,Namkliv Classic Dancer
LK,Ohlala,Playful Dreamer,n/a,n/a,n/a,n/a
LK,Orkanens,Aimee A Dato,LK,Bestdressed Di San Gimignano  ,PK,Cyberchi's All I Need Is Love 
LK,Parvus Deus,Primus Maximus,n/a,n/a,n/a,n/a
LK,Paw's Mystery,Aleksandra Dora,LK,Macho Kamancho Hristichsantaiz,PK,Little Step's Lippy Lady
LK,Paw's Mystery,Lady Sarah,LK,Tuhkimon Cappucino,PK,Little Step's Lippy Lady
LK,Petite Sjoneros,Back In Black,n/a,n/a,n/a,n/a
LK,Philfort,Pasha Cartier,LK,Edenas Kids Chevalier De Jeanette,LK,Philfort Barcelona Lux
LK,Piccolinin,Banzuke Nori,LK,Namkliv Modern Dancer,PK,Chicarillos Damitra
LK,Piccolinin,Direttore,LK,Leander Strike it Lucky,LK,Piccolinin Principessa
LK,Piccolinin,Principessa,LK,Lasgolondrinas Porthos,PK,Piccolinin Contessa Elisa
LK,Piccolinin,Solsidan,LK,Misty Meadow's Papageno,LK,Piccolinin Principessa
LK,Playaroca,Hennessy,LK,Bramver's Let It Be,LK,Shanahea Lady
LK,Playaroca,Polar Bear,LK,Zzman's Laser Flame,LK,Shanahea Lady
LK,Playaroca,Snowball,LK,Zzman's Laser Flame,LK,Shanahea Lady
LK,Pomchih,Elvis,PK,Magic Minidog Chocomaster,LK,Ykkösturva Sera
LK,Primelina,Ace Of Hearts,LK,Golden Lily's Hot'N'Spicy,LK,Connection Bubbles De Vere
LK,Primelina,Paloma Heart,LK,Zzman's Pure Jenkki,PK,Primelina La Isla Bonita
LK,Primelina,Paradise Vision,LK,Zzman's Pure Jenkki,LK,Primelina La Isla Bonita
LK,Pähkinän,Bella Copia,LK,Copymear Classic Touch,PK,Pähkinän Qu'Elle E'Belle
LK,Pähkinän,Benita's King,LK,Natimuk Sweet Indeed,PK,Pähkinän Dansingdynamite
LK,Pähkinän,Copycat,LK,Copymear Classic Touch,PK,Pähkinän Qu'Elle E'Belle
LK,Pähkinän,Copyright,LK,Copymear Classic Touch,PK,Pähkinän Qu'Elle E'Belle
LK,Pähkinän,Danseuse,LK,Misty Meadow's Dressedtodance,LK,Pähkinän Nana
LK,Pähkinän,Dynamite,LK,Misty Meadow's Dancingmaster,LK,Pähkinän Heloise
LK,Pähkinän,Heloise,LK,Misty Meadow's Flamenco,LK,Pähkinän Nana
LK,Pähkinän,Salvador Dali,LK,Pähkinän Dynamite,LK,Pähkinän Danseuse
LK,Pähkinän,Suzugiesouriant,LK,Le'Fatis Veneziano,PK,Pähkinän Feu D'Artifice
LK,Pähkinän,Vintage Merlot,PK,Pähkinän Xenon,LK,Pähkinän Honey Merle
LK,Pähkinän,Y Suis-Mona,LK,Pähkinän Herosdenosjours,PK,Pähkinän Reine Decarreau
LK,Quimichin,Agatha Wooster,LK,Murmur Bertie Wooster,LK,Kuusalon Päivänsäde
LK,Quimichin,Antoinette,LK,Quimichin Bulldozer,LK,Pähkinän Quimichin
LK,Quimichin,Bertram Wooster,LK,Murmur Bertie Wooster,LK,Kuusalon Päivänsäde
LK,Quimichin,Bulldozer,PK,Mar-Rich's All My X's L,LK,Arnica Montana Aurea Zizia
LK,Quimichin,Charm of Luck,LK,Murmur Bertie Wooster,PK,Quimichin Lucky Charm
LK,Quimichin,Curious George,LK,Zucchero Di San Gimignano,LK,Quimichin Desert Charm
LK,Quimichin,Desert Charm,LK,Golden Lily's Young Rebel,PK,Quimichin Desert Ice
LK,Quimichin,Desert Fire,PK,Nikoli's Lucky Leader,LK,Quimichin Desert Charm
LK,Quimichin,Desert Rain,PK,Nikoli's Lucky Leader,LK,Quimichin Desert Charm
LK,Quimichin,Endeavour Morse,PK,La Lune De Miel Etual In Riverdance,LK,Quimichin Agatha Wooster
LK,Quimichin,Georg Luger,LK,Golden Lily's Young Rebel,LK,Pähkinän Quimichin
LK,Quimichin,Lucky Rebel,LK,Golden Lily's Young Rebel,LK,Quimichin Charm Of Luck
LK,Quimichin,Moody Myrtille,LK,Misty Meadow's Moodyblues,PK,Pähkinän Myrtille Arnica
LK,Quimichin,My Lucky Charm,LK,Copymear Kane At Keenaughts,LK,Quimichin Charm Of Luck
LK,Quimichin,Royal James,LK,Golden Lily's Young Rebel,PK,Murmur Celeste
LK,Quimichin,Stephan Derrick,LK,Quimichin Georg Luger,LK,Quimichin Agatha Wooster
LK,Red-Deego,Invicta,LK,Lasgolondrinas Porthos,LK,Namkliv Ballet Dancer
LK,Red-Deego,Posh And Luxurious,LK,Chocoba Eddy Forever Steady,LK,Red-Deego Royal Lady
LK,Redenstamm,Hyacinth,LK,Shah Arpilin Talisman Udachi,LK,De Gozette Urubamba
LK,Redenstamm,Operaqueen,LK,Misty Meadow's Emperor Jubilation,PK,Rosalago MM's Quirina
LK,Redenstamm,Sombrero,LK,Crawford Jerome,LK,Quimichin Akasia
LK,Redrowan Lodge,Kaleidoscope,LK,Coltham Soldier Boy,LK,Taradona Evening Breeze
LK,Redrowan Lodge,Opus Optimus,LK,Silences Leconte,LK,Taradona Evening Breeze
LK,Rix Chix,Grand Prix,n/a,n/a,n/a,n/a
LK,Robin Haus,Tartuffo Nero,n/a,n/a,n/a,n/a
LK,Rokellita,Colibri Calypso,n/a,n/a,n/a,n/a
LK,Rosalago,MM's Ronaldinho,LK,Misty Meadow's Charlie Brown,PK,Misty Meadow's Ballaperbella
LK,Rosalago,MM's Ypsilon,LK,Misty Meadow's Charlie Brown,PK,Rosalago MM's Teodora
LK,Rosarito,Nova Charlotte,LK,Golden Lily's Young Rebel,LK,Shah Arpilin Mariam
LK,Rossovan,Blondie,PK,Namkliv Piccolo,LK,Namkliv Shadow Dancer
LK,Rossovan,Cinderellastory,PK,Namkliv Party Time,LK,Namkliv Hot Cayanne
LK,Rossovan,Emporio,PK,Namkliv Party Time,LK,Rossovan Blondie
LK,Rossovan,Euphoria,PK,Namkliv Party Time,LK,Rossovan Blondie
LK,Saagan,Charity,LK,Divaliinan Euphoria,PK,Crawford Je Zebel
LK,Saiyai's,Love At First Sight,LK,Believe In Tommy Boy,LK,Soyjumpa The Flower Of Love And Friendship
LK,Sallerim,Azure After Mist,LK,Rosalago MM's Ronaldinho,LK, Miniheart's Adesina
LK,Sanflai,Matilda,PK,Torbellino Blanco El Chiquitin,LK,Sanflai Felicia
LK,Shah Arpilin,Aurika,LK,Shah Arpilin DJ Lubomir,LK,Shah Arpilin Kikki
LK,Shah Arpilin,Baby,n/a,n/a,n/a,n/a
LK,Shah Arpilin,Bum-Barashka Hanni,n/a,n/a,n/a,n/a
LK,Shah Arpilin,Eksez,n/a,n/a,n/a,n/a
LK,Shah Arpilin,Fad,n/a,n/a,n/a,n/a
LK,Shah Arpilin,Leon,n/a,n/a,n/a,n/a
LK,Shah Arpilin,Liliana,LK,Shah Arpilin DJ Lubomir,LK,A'Dalmix Platinum Happy End
LK,Shah Arpilin,Nightwish,LK,Chipau Ace of Hearts,PK,Milaja Kroha Hatsiz
LK,Shah Arpilin,Nimezida,LK,Shah Arpilin DJ Lubomir,PK,Shah Arpilin Cercea
LK,Shah Arpilin,Shveps,LK,Gemstone Rocky Road,LK,Shah Arpilin Indigo Aurora
LK,Shah Arpilin,Suzi,LK,Misty Meadow's Fantasma,PK,Shah Arpilin Sunshine Kleopatra
LK,Shah Arpilin,Talisman Udachi,LK,Chistoso Jerry Cotton,PK,Milaja Kroha Baska Russian
LK,Shah Arpilin,Tu-Tashka,n/a,n/a,n/a,n/a
LK,Shah Arpilin,Volt,n/a,n/a,n/a,n/a
LK,Shah Mehiko Laif,Kapelka,LK,Shah Mehiko Laif Ali Baba,PK,Shah Mehiko Laif Yunika Black Magic
LK,Shamaanin,Drops of Honey,LK,Yellowsurprise Di Rio Galeria,PK,Shamaanin Tahiti
LK,Shamaanin,Little Nicky,LK,Shamaanin Murubussi,PK,Shamaanin Bogo-Mai
LK,Shamaanin,Miss Amanda,LK,Yellowsurprise Di Rio Galeria,PK,Shamaanin Tahiti
LK,Shamaanin,Sheikki,LK,Shamaanin Copacabana,PK,Shamaanin Shanghai Lily
LK,Shanahea,Lady,LK,Chersya Shoemaker,LK,Chersya Isabella
LK,Shanana's,Eddy M,n/a,n/a,n/a,n/a
LK,Shanana's,Flirty By Nature,LK,Shanana's Eddy M,LK,Wimi Shana Av Lay-Ia  
LK,Shapiro's,Adelante,LK,Chipau Ace of Hearts,LK,Shah Arpilin Shagane
LK,Shapiro's,Feliciana,LK,Sweet Indeed Choco Bon Bon,PK,Shapiro's Ojimoreno
LK,Shapiro's,Hupalupa,LK,Sweet Indeed Blackberry,LK,Shapiro's Katiuska
LK,Shapiro's,Khamaro,LK,Yanger Torens Loving Heart,PK,Shapiro's Ojimoreno
LK,Shapiro's,Mar de Amor,LK,Suvikasteen Handsomeboy,LK,Shapiro's Flauta Magica
LK,Shapiro's,Rosana Almira,PK,Pähkinän Texas Armycorps,LK,Shah Arpilin Suzi
LK,Shorepointe's,Blonde Ambition,n/a,n/a,n/a,n/a
LK,Shorepointe's,Watch Me Burn,n/a,n/a,n/a,n/a
LK,Signum,Flora Lapponica,LK,Small Is Beautiful's Jubilate ,LK,Signum Fru Linnea  
LK,Signum,Flora Linnea,n/a,n/a,n/a,n/a
LK,Signum,Fru Linnea,n/a,n/a,n/a,n/a
LK,Signum,Linnaeus Rex,n/a,n/a,n/a,n/a
LK,Silkkipilven,Melinda,LK,De'Fatis Veneziano,PK,Pähkinän Le Nuage Desoie
LK,Siripiri,Kaiza Totop,n/a,n/a,n/a,n/a
LK,Siruliinun,Bob The Postman,LK,Misty Meadow's Tom Terrific,LK,Siruliinun Pure Beauty
LK,Siruliinun,Helmi,LK,Nikoli's Let's Party,PK,Duppy Dream of Love
LK,Siruliinun,Lucy Liu,PK,Bramver's Imagination,LK,Siruliinun Charlotte
LK,Siruliinun,Maija Poppanen,PK,Inkiväärin Buba Panketo,LK,Siruliinun Jungle Girl
LK,Siruliinun,Pure Beauty,LK,Starship's Rodrico,LK,Siruliinun Charlotte
LK,Siruliinun,Susette,LK,Murmur Bertie Wooster,LK,Siruliinun Helmi
LK,Siruliinun,Unelma,PK,Crawford Force Majeure,LK,Siruliinun Helmi
LK,Small Is Beatuful's,Fine Mess,n/a,n/a,n/a,n/a
LK,Small Is Beatuful's,Gloria,n/a,n/a,n/a,n/a
LK,Small Is Beatuful's,Impatient Girl,n/a,n/a,n/a,n/a
LK,Small Is Beatuful's,Now Or Never,n/a,n/a,n/a,n/a
LK,Small Is Beatuful's,Pacem Cordium,n/a,n/a,n/a,n/a
LK,Small Is Beatuful's,What A Mess,n/a,n/a,n/a,n/a
LK,Soulvic,Umber Brown,n/a,n/a,n/a,n/a
LK,Space Invaders,Kiss in the Ring,n/a,n/a,n/a,n/a
LK,Speis Invejders,Europa,n/a,n/a,n/a,n/a
LK,Spicy Angel,Dance With Me,LK,Misty Meadow's Dirtydancing,PK,Sweet Indeed Spicy Dancer
LK,Spicy Angel,Full Of Power,LK,Spicy Angel Maximum Power,LK,Spicy Angel Moonlight Shadow
LK,Spicy Angel,Good To Be King,LK,Misty Meadow's Charlie Brown,LK,Nicoret's Jazz Queen
LK,Spicy Angel,Kiss Kiss Bang Bang,PK,Misty Meadow's Tiziano,LK,Spicy Angel I Have A Dream
LK,Spicy Angel,Maximum Power,LK,Misty Meadow's Tuff Enuff,LK,Crawford Pure Silk
LK,Spunky's,Alvin,LK,Magic Minidog He's A Keeper,PK,Spunky's Kertrud
LK,Spunky's,Sleeping Beauty,LK,Shah Arpilin Talisman Udachi,LK,Spunky's Party Princess
LK,Starship's,Adeia,PK,Crawford Devil's Dance,LK,Karlux Pinupqueen
LK,Starship's,Hercules,LK,Nikoli's Coco Jamboo,LK,Starship's Gorazon
LK,Starship's,Ora,LK,Namkliv Modern Dancer,LK,Starship's Gorazon
LK,Starship's,Ramon,LK,Namkliv Modern Dancer,LK,Starship's Gorazon
LK,Starship's,Rihanna,LK,Namkliv Modern Dancer,LK,Starship's Gorazon
LK,Starship's,Rodrico,LK,Namkliv Modern Dancer,LK,Starship's Gorazon
LK,Starship's,Ronaldo,LK,Namkliv Modern Dancer,LK,Karlux Pinupqueen
LK,Starship's,Rosanna,LK,Namkliv Modern Dancer,LK,Starship's Gorazon
LK,Starship's,Rosenda,LK,Namkliv Modern Dancer,PK,Starship's Carmenchita
LK,Starship's,Teodocio,LK,Starship's Rodrico,PK,Starship's Carmenchita
LK,Starship's,Terecita,LK,Starship's Rodrico,PK,Starship's Carmenchita
LK,Starship's,Zarita,LK,Nikoli's Viceroy,LK,Starship's Celinda
LK,Starship's,Zusanita,LK,Starship's Rodrico,PK,Starship's Ciselda
LK,Superlicious,Joe The Boss,n/a,n/a,n/a,n/a
LK,Suvikasteen,Fun Cookie,LK,Suvikasteen Handsomeboy,LK,Tuhkimon Onnenmuru
LK,Suvikasteen,Handsomeboy,LK,Great Gem's Shameless,PK,Suvikasteen Hilla
LK,Suvikasteen,Hurricane,LK,Tuhkimon Cappucino,PK,Suvikasteen Matahari
LK,Suvikasteen,Inka,LK,Tuhkimon Cappucino,LK,Suvikasteen Rockabill Donna
LK,Suvikasteen,Rocky,LK,Murmur Supernova,LK,Suvikasteen Rockabill Donna
LK,Suvikasteen,Sininen Hetki,LK,Blaeberry Silver Stroke,LK,Tuhkimon Chili
LK,Suvikasteen,Taxus,LK,Tuhkimon Cappucino,LK,Suvikasteen Jemina
LK,Suvikasteen,Titus,LK,Allan,PK,Suvikasteen Matahari
LK,Suvikasteen,Tuhatkauno,PK,Suvikasteen Conan,LK,Suvikasteen Jemina
LK,Suvikasteen,Tulikukka,PK,Suvikasteen Conan,LK,Suvikasteen Jemina
LK,Sweet Amilie's,Anastacia,PK,Crawford Devil's Dance,PK,Tuhkimon Pikku Sävel
LK,Sweet Indeed,Blue Angel,n/a,n/a,n/a,n/a
LK,Sweet Indeed,Jubilation Band,n/a,n/a,n/a,n/a
LK,Sweet Indeed,Moonlightdance,n/a,n/a,n/a,n/a
LK,Sweet Indeed,Shall We Dance,LK,Leander Stormbreaker With Ballybroke,PK,Sweet Indeed Atimefordancing
LK,Sweet Indeed,The Last Emperor,LK,Misty Meadow's Emperor Jubilation,PK,Sweet Indeed Mona Lisa
LK,Sweet Melena's,Force Of Nature,n/a,n/a,n/a,n/a
LK,Sweet Noblesse,Dancing Queen,n/a,n/a,n/a,n/a
LK,Sweet Paola's,Annabelle,LK,Tuhkimon Jalo,LK,Tuhkimon Paola
LK,Sweet Paola's,Rustic Damsel,PK,Sweet Paola's Like It Blue,LK,Crawford Sweet Model
LK,Sweet Paola's,Ultima Thule,LK,Misty Meadow's Papageno,LK,Lumikki
LK,Sweet Paola's,X Factor Finalist,PK,Almeja La Mancha Solar,LK,Crawford Sweet Model
LK,Sventra,Apollo,n/a,n/a,n/a,n/a
LK,Svit Harmful,Diadema,PK,Bai Kuin Sugar Boy,LK,Vita Elita
LK,Svit Harmful,Toffi,LK,Bai Kuin Sugar Boy,LK,Shah Mehiko Laif Chihuahua
LK,Talisman,Lubvi,n/a,n/a,n/a,n/a
LK,Tancherry,Infinity,PK,Siruliinun Jackie Chan,LK,Tancherry Salma Hayek
LK,Tancherry,Maddox Chivan,LK,Copymear Kane At Keenaughts,LK,Tancherry Nightwalker
LK,Tancherry,Night Raider,LK,Chistoso All Right,LK,Chistoso Pride And Joy
LK,Tancherry,Nobody,LK,Golden Lily's Young Rebel,LK,Chistoso Pride And Joy
LK,Tancherry,Not For Sale,LK,Golden Lily's Young Rebel,LK,Chistoso Pride And Joy
LK,Tancherry,Poker Face,PK,Nikoli's Wild Game,LK,Chistoso Pride And Joy
LK,Tancherry,Sharon Stone,LK,Zucchero Di San Gimignano,LK,Quimichin Blossom Rose
LK,Tancherry,Shiloh Nouvel,LK,Copymear Kane At Keenaughts,LK,Tancherry Nightwalker
LK,Tanya's,Boomerang,LK,Tanya's Mini Masterpiece,LK,Regnier's La Vida Loca
LK,Taradona,Evening Breeze,LK,Veejim Delta Force At Taradona,LK,Carsgailoh Second Change
LK,Taruttaren,Kreivitär De La Fere,LK, Milone's D'artagnan,PK,Taruttaren Alice Lady
LK,Taruttaren,Sweet Dream,LK,Sweet Indeed Blackberry,LK,Taruttaren Kreivitär De La Fere
LK,Techichi,Maya Izabelle,n/a,n/a,n/a,n/a
LK,Tegs N Starsen,Quiet Riot,n/a,n/a,n/a,n/a
LK,Tesoritos,Don Moreno,LK,Starship's Rodrico,LK,Nikoli's Party In Heaven
LK,Tesoritos,La Reina,LK,Namkliv Modern Dancer,PK,Siruliinun Hilda
LK,Tettchi's,Charming Little Disa,n/a,n/a,n/a,n/a
LK,Texmex,Zetor,LK,Mescalinos Excalibur,LK,De Gozette Miss Texmexbomb
LK,Texmex,Zivago,LK,Mescalinos Excalibur,LK,De Gozette Miss Texmexbomb
LK,Tickawis,Dance Tonight,LK,Bonny-Bell Marcoville,n/a,Tickawis When I Fall In Love
LK,Tickawis,My Little Hero,n/a,n/a,n/a,n/a
LK,Tijuana's,Princess Magica,n/a,n/a,n/a,n/a
LK,Tiny Terrors,Absolutely Abby,n/a,n/a,n/a,n/a
LK,Titmouse,Junior James,n/a,n/a,n/a,n/a
LK,Tochka Pritjazhenija,Lukretsia,LK,Chistoso Jerry Cotton,LK,Tippawan's Annie
LK,Topolino,Piupiccolo,PK,Pähkinän Texas Armycorps,LK,Mimosa
LK,Topolino,Tipico,LK,Sweet Indeed Blackberry,LK,Topolinon Piupiccolo
LK,Tornitien,Armas Aarre,LK,Sweet Indeed Blackberry,PK,Shah Arpilin Sixty Sixty
LK,Triangel Joy,Diamond Chick,LK,Sweet Indeed Shall We Dance,LK,Triangel Joy Diamond Chick  
LK,Troubadour's,Acapulco,LK,Ballybroke Miles Lad,PK,Kokkokallion Cafe Au Lait
LK,Troubadour's,Caudillo,LK,Troubadour's Acapulco,LK,Ystäväx Dumle-Gozette
LK,Troubadour's,Mustatuntuu,LK,Suvikasteen Caballero,LK,Troubadour's Cave Canem
LK,Troubadour's,Snoopy,PK,Pähkinän Amour de Chiens,LK,Troubadour's Cave Canem
LK,Troubadour's,Zulema,LK,Texmex Zetor,PK,Kokkokallion Cafe Au Lait
LK,Tuhkimon,Alias,LK,Copymear Classic Touch,PK,Tickawis Sea Pearl
LK,Tuhkimon,Calvados,LK,Suvikasteen Rocky,PK,Tuhkimon Onnen Käpy
LK,Tuhkimon,Kloppi,LK, Tuhkimon Jalo,LK,Coltham Made In Heaven
LK,Tuhkimon,Levoton Tuhkimo,LK,Tuhkimon Jalo,LK,Tuhkimon Jasminelli
LK,Tuhkimon,Miguel,LK,Sventra Apollo,PK,Tuhkimon Onnen Käpy
LK,Tuhkimon,Millinimiatyr,LK,Twilight Sound Hero,LK,Crawford Fair Shake
LK,Tuhkimon,Millistella,LK,Twilight Sound Hero,LK,Crawford Fair Shake
LK,Tuhkimon,Pennitönuneksia,LK,Pumuki de Arlejo,PK,Tickawis Sea Pearl
LK,Tuhkimon,Prinsessa,LK,Tuhkimon Miguel,LK,Tuhkimon Levoton Tuhkimo
LK,Tuhkimon,Sepeteus,PK,Tuhkimon Pikku Lore,LK,Ykkösturva Supertiina
LK,Tuhkimon,Stuntman,LK,Copymear Classic Touch,PK,Tickawis Sea Pearl
LK,Twilight Sound,Hero,LK,Nikoli's Poetry inmotion,PK,Twilight Sound Blue Moon
LK,Twilight Sound,Noble White Lady,PK,Siruliinun Willbert,LK,Twilight Sound Lady Jazz
LK,Tähtitaian,Geishatyttö,PK,French-Coco-Nanook Des Patibullies,LK,Zolaki Cardiamou
LK,Tähtitaian,Katujen Kingi,LK,Rosalago MM's Ronaldinho,LK,Zolaki Cardiamou
LK,Wee Fellow's,Miss Cherie,PK,To-Make-Red-Hot De Arlejo,LK,Wee Fellow's So Charity
LK,Wee Fellow's,So Charity,LK,Copymear Classic Touch,LK,Crawford Nonette
LK,Venganza Esperanza,De Chabinas,n/a,n/a,n/a,n/a
LK,Verraco,Constantino,LK,Chistoso My Name Is Bond,LK,Verraco Arancha
LK,Verraco,Sancho Panza,LK,Copymear Classic Touch,PK,Nikoli's Sweet'N'Classy
LK,Vita Felice,Jast Perfect,n/a,n/a,n/a,n/a
LK,Vi'Waun,Me And Chloe Too,LK,Bramver's Let It Be,PK,Vi'Waun Wildly Wanika
LK,Vi'Waun,Vilkas-Viivi,LK,De Gozette Nasta,PK,De Gozette Vip
LK,Vladistar,Tayra Great,LK,Veejin Calico Kid Nikotos,LK,Belissimi Bravo Ai Am Queen Vladista
LK,vom Kumma Schlössle,Janka,n/a,n/a,n/a,n/a
LK,Wonderbits,Merry Merry at Bonnybell,n/a,n/a,n/a,n/a
LK,Vostorg,Dushi,n/a,n/a,n/a,n/a
LK,Vähäsen,Ilari,LK,Lähdesaran Pennitaivaasta,LK,Vähäsen Beda Barbara
LK,Xciting,Batteriez Included,n/a,n/a,n/a,n/a
LK,Yanger,Ninja Nevada,LK,Nezhnaya Simfonia Vortegern,LK,Yanger Vellari Airons
LK,Yanger,Soul Sample,LK,Show Me Stars Di San Gimignano,LK,Chidelia Touch Of Prada
LK,Yanger,Torens Loving Heart,LK,Redenstamm Masterpiece,PK,Yanger Vellari Airons
LK,Ykkösturva,Ellen,LK,Sventra Apollo,PK,Ykkösturva Hertta
LK,Ykkösturva,Frank,LK,Tuhkimon Pennitönuneksia,LK,Ykkösturva Pähkinänsärkijä
LK,Young-King,Adonis,LK,Tornitien Armas Aarre,PK,Tvork's Winter Fairy Tale
LK,Zaron Tale's,Dali,LK,Namkliv Modern Dancer,LK,Zaron Tale's Bah Chel
LK,Zaron Tale's,Legend,LK,Sweet Indeed Blackberry,LK,Magic Minidog Fool In Love
LK,Zaron Tale's,Mr Magic,LK,Nikoli's Whisper A Wish,LK,Tancherry Magic Touch
LK,Zaron Tale's,Talisman,LK,Sventra Apollo,LK,Elonka
LK,Zaron Tale's,Treasure,LK,Sweet Indeed Blackberry,LK,Zaron Tale's Talisman
LK,Zolaki,Cardiamou,LK,Divin Zeus Des Patibullies,LK,Arcticblueicing
LK,Zolaki,Diamanti,LK,Divin Zeus Des Patibullies,LK,Arcticblueicing
LK,Zolaki,Ekplixis,PK,French-Coco-Nanook Des Patibullies,LK,Arcticblueicing
LK,Zolaki,Elaia,PK,French-Coco-Nanook Des Patibullies,LK,Arcticblueicing
LK,Zzman's,Catalina,PK,Bramver's Imagination,LK,Zzman's Lady Challenger
LK,Zzman's,Diamond Digger,LK,Calypso aux Minis Peluches,PK,Christalyx Black Diamond
LK,Zzman's,Dressed On Diamonds,LK,Crawford Dressed Toparty,LK,Zzman's Show Case
LK,Zzman's,Dressed To Show,LK,Crawford Dressed Toparty,LK,Zzman's Show Case
LK,Zzman's,Garfield,LK,Zzman's Pure Jenkki,PK,Bramerita Golden Wishes
LK,Zzman's,Jewel,LK,Shorepointe's Watch Me Burn,LK,Zzman's Sixth Sense
LK,Zzman's,Kisses N Flames,LK,Zzman's Laser Flame,LK,Zzman's Sealed With A Kiss
LK,Zzman's,Lady Challenger,LK,Namkliv Modern Dancer,LK,Zzman's My Red Corvette
LK,Zzman's,Lamborghini,LK,Zzman's Laser Flame,LK,Zzman's My Red Corvette
LK,Zzman's,Laser Flame,LK,Misty Meadow's Flamenco,PK,Misty Meadow's Lucille Ball
LK,Zzman's,Legacy,LK,Zzman's Laser Flame,LK,Zzman's Sealed With A Kiss
LK,Zzman's,Marzipan,LK,Zzman's Show Master,PK,Zzman's Lucy Dancer
LK,Zzman's,My Red Corvette,LK,Misty Meadow's Flamenco,PK,Zzman's Razzle Dazzle
LK,Zzman's,My Valentine,LK,Misty Meadow's Flamenco,PK,Zzman's Razzle Dazzle
LK,Zzman's,Needless to Say,LK,Zzman's Laser Flame,LK,Zzman's Pincushion
LK,Zzman's,Neela,PK,Zzman's Dancing Diamond,LK,Zzman's Pincushion
LK,Zzman's,Ninja,PK,Zzman's Dancing Diamond,LK,Zzman's Pincushion
LK,Zzman's,Oliwer,LK,Misty Meadow's Emperor Jubilation,LK,Zzman's Show Case
LK,Zzman's,Party Crasher,LK,Crawford Dressed Toparty,LK,Zzman's Show Case
LK,Zzman's,Pincushion,LK,Leander Strike it Lucky,PK,Zzman's Razzmatazz
LK,Zzman's,Pink Cadillac,PK,Bramver's Imagination,LK,Zzman's Lady Challenger
LK,Zzman's,Pure Jenkki,LK,Shorepointe's Watch Me Burn,LK,Zzman's Sixth Sense
LK,Zzman's,Show Case,PK,Namkliv Party Time,LK,Zzman's Showstopper
LK,Zzman's,Show Master,LK,Calypso aux Minis Peluches,LK,Zzman's Showstopper
LK,Zzman's,Show Stopper,LK,Misty Meadow's Flamenco,PK,Zzman's Lucy Show
LK,Zzman's,Simply Pure Gold,LK,Mistyway Follow Me,LK,Zzman's Solid Gold
LK,Zzman's,Sixth Sense,PK,Namkliv Party Time,LK,Zzman's Showstopper
LK,Zzman's,Solid Gold,PK,Namkliv Party Time,LK,Zzman's Showstopper
LK,Zzman's,Superbee,PK,Bramver's Imagination,LK,Zzman's Lady Challenger
LK,Zzman's,Testarossa,LK,Zzman's Laser Flame,LK,Zzman's My Red Corvette
LK,Zzman's,Wild Illusion,LK,Arzillo Victor,LK,Zzman's My Valentine
LK,Zzman's,Vincent,LK,Calypso aux Minis Peluches,LK,Zzman's My Red Corvette
LK,Zzman's,Wizard's Flame,LK,Zzman's Laser Flame,LK,Zzman's My Valentine
LK,Ängla Vakt,Greta Garbo,LK,Suvikasteen Rocky,PK,Frida
LK,Ängla Vakt,Petronella,LK,Tickawis Dance Tonight,PK,Tuhkimon Roosa
LK,,Ajatsaval,LK,Akiopukkip,PK,Aknitak
LK,,Akiopukkip,LK,Keenaughts Toe Tap N Travis,LK,Nikoli's Orient Jewel
LK,,Anastacia,PK,Crawford Devil's Dance,LK,Tuhkimon Pikku Sävel
LK,,Arcticblueicing,LK,Karlux Happy Capt Nemo,LK,Rossovan Amazing Story
LK,,Badabing-Baby,n/a,n/a,n/a,n/a
LK,,Belvedere,LK,Duppy Clyde,PK,Duppy Nightmare
LK,,De Du Datsyuk,n/a,n/a,n/a,n/a
LK,,Estefani,PK,Sulo,LK,Suvikasteen Okki
LK,,Figaro,LK,E-Andrews,PK,Angel
LK,,Ghostlovescore,LK,Tuhkimon Pennitönuneksia,PK,Ikamin Aurora Only Lady
LK,,Helmi,LK,Suvikasteen Rocky,LK,Pähkinän Chouchou
LK,,Herminia,LK,Inkiväärin Buwu Manso,LK,Tekiche Maja Chanel Coco
LK,,Irattim,LK,Akiopukkip,PK,Nikoli's Justa Ladynelly
LK,,Jacquelline,LK,Shah Arpilin Shveps,PK,Verena Silki
LK,,Jadeprincess,PK,Chibabies Chistoso Top Dog,LK,Nordic Flaminstar Blue Angel
LK,,Laru,PK,Ystäväx Ylväs-Gozette,LK,Lolita
LK,,Madrix,n/a,n/a,n/a,n/a
LK,,Missjennifer,LK,Shah Arpilin Shveps,LK,Chocco-Peanut
LK,,Moaningmyrtle,PK,Xeliantos Little Honey,LK,Inkiväärin Hamu Janwa
LK,,Moritz,LK,Suvikasteen Caballero,LK,Melina
LK,,Nala,LK,Crawford Pin Code,LK,Millbays Pippuri
LK,,Nikita,LK,Mini Fashion Floor It You Like It,LK,Björnstigen's Ann Oakley
LK,,Notavrak,LK,Nikoli's Let's Party,PK,Nikoli's Justa Ladynelly
LK,,Poppamies,LK,Natimuk Sweet Indeed,LK,Hristichsan Natasha
LK,,Proud Enough,LK,Marco Lopez Della Dolcemela,LK,Tiny Angel's Havana Club
LK,,Ralph Lauren,n/a,n/a,n/a,n/a
LK,,Remu,LK,Suvikasteen Rocky,PK,Ängla Vakt Destiny
LK,,Riorittacolibri,LK,Figaro Fon Oskar,LK,Sanflai Matilda
LK,,Sakonnel,LK,Golden Lily's Young Rebel,PK,Nikoli's Justa Ladynelly
LK,,Satumaa,LK,Rossovan Emporio,LK,Ängla Vakt Nellie
LK,,Sawyer,PK,Inkiväärin Kizmo,LK,Kuusalon Lara Croft
LK,,Timon,LK,Crawford Pin Code,LK,Millbays Pippuri
LK,,Vaahtokarkkimaj,LK,Murmur Bertie Wooster,LK,Zzman's Wild Illusion
LK,,Vilttitossuanni,PK,Chicomaster Electric Emil,LK,Hebblas Gingerbeer
LK,,Vouhku,PK,Tiny-Doll's Bellman,LK,Christalyx Chantilly Lace
LK,,You Know I'm A Little Emperor,LK,Sweet Indeed The Last Emperor,LK,Helmiäisen Flamenco Dancer
